A,B,C,D,E,F,G,H,I,J,K,L,M,N,Eye
4325.64,4006.67,4278.46,4143.08,4344.1,4583.08,4087.18,4614.87,4205.64,4230.26,4195.9,4266.67,4622.05,4380.51,0
4303.59,3996.41,4249.23,4122.05,4341.03,4584.1,4090.77,4616.41,4203.59,4226.15,4189.23,4253.85,4606.15,4370.26,0
4308.72,4000,4245.13,4121.54,4329.23,4585.64,4086.67,4617.44,4189.23,4216.41,4186.15,4253.85,4604.1,4362.05,0
4306.15,4007.69,4253.33,4121.03,4330.26,4579.49,4077.44,4607.69,4186.67,4224.62,4198.97,4267.18,4622.56,4367.18,0
4315.38,4000.51,4262.56,4120.51,4329.23,4583.59,4092.82,4621.54,4210.26,4240,4218.97,4277.44,4633.85,4381.03,0
4324.62,4018.97,4276.41,4135.9,4341.54,4600.51,4099.49,4626.15,4211.28,4242.05,4216.41,4276.92,4632.82,4388.72,0
4316.41,4014.36,4278.97,4139.49,4337.95,4583.59,4085.64,4614.87,4198.46,4234.87,4212.31,4285.64,4620,4378.46,0
4281.54,4001.54,4245.64,4120,4334.87,4595.9,4080.51,4592.82,4178.46,4214.87,4191.79,4257.95,4605.64,4347.69,0
4314.36,4009.23,4271.28,4137.44,4334.87,4604.62,4097.95,4613.85,4201.54,4224.62,4206.67,4283.59,4626.67,4370.26,0
4314.87,4018.97,4283.08,4142.05,4337.95,4600,4084.1,4608.72,4201.54,4226.67,4215.38,4293.33,4629.74,4377.95,0
4308.21,4002.05,4260,4130.26,4345.13,4607.69,4082.05,4626.15,4208.21,4231.28,4210.77,4278.46,4617.44,4362.56,0
4301.54,3998.97,4262.56,4118.97,4337.44,4603.59,4082.05,4619.49,4195.38,4218.97,4211.28,4284.1,4614.87,4355.9,0
4287.18,3992.31,4245.13,4105.64,4328.72,4600.51,4087.18,4618.97,4201.03,4214.87,4203.59,4272.31,4605.13,4353.33,0
4291.79,3991.28,4232.31,4102.05,4330.26,4597.95,4078.46,4613.33,4201.54,4220,4204.1,4272.82,4609.23,4355.9,0
4295.9,4000,4231.79,4106.15,4325.13,4599.49,4081.03,4620,4196.92,4214.36,4202.05,4274.36,4598.97,4351.79,0
4447.18,4124.62,4277.44,4154.36,4331.28,4597.44,4073.33,4597.95,4183.08,4209.23,4220.51,4307.18,4649.23,4467.69,0
4490.77,4153.85,4309.74,4182.05,4347.69,4600,4071.28,4589.23,4176.41,4233.33,4269.23,4340,4729.23,4518.97,0
4479.49,4085.64,4310.77,4153.85,4324.62,4580.51,4076.92,4601.54,4204.1,4263.08,4306.67,4361.03,4793.85,4554.36,0
4452.82,4032.31,4295.38,4130.26,4330.26,4592.31,4078.46,4620,4227.18,4268.72,4312.31,4353.33,4808.21,4549.23,0
4395.9,3965.13,4274.36,4106.67,4327.18,4601.03,4086.15,4634.87,4236.92,4278.97,4307.69,4340.51,4791.79,4504.1,1
4348.21,3919.49,4244.62,4066.67,4317.95,4587.18,4090.26,4631.28,4221.03,4255.9,4286.15,4323.59,4755.9,4460.51,1
4340.51,3921.54,4253.85,4064.62,4313.33,4596.92,4105.13,4646.67,4239.49,4275.38,4290.26,4326.67,4745.13,4453.85,1
4318.46,3917.95,4250.26,4065.64,4323.08,4604.62,4098.46,4650.26,4240.51,4270.77,4280,4313.85,4730.26,4432.82,1
4288.72,3929.23,4245.64,4075.9,4331.79,4603.08,4087.18,4629.74,4222.05,4238.46,4239.49,4299.49,4666.15,4386.67,1
4291.79,3933.33,4243.59,4077.95,4332.82,4616.92,4094.87,4631.28,4226.67,4251.28,4252.82,4302.05,4677.95,4384.1,1
4287.18,3939.49,4250.26,4091.28,4331.79,4607.18,4102.56,4636.92,4228.72,4251.79,4241.54,4310.26,4664.62,4375.9,1
4280,3941.03,4248.21,4085.13,4324.62,4612.82,4096.92,4634.87,4218.97,4237.95,4232.82,4296.92,4648.21,4358.46,1
4290.26,3954.36,4257.44,4102.05,4330.26,4610.26,4095.9,4625.64,4216.41,4241.03,4243.59,4311.28,4657.44,4371.79,1
4341.54,3970.77,4278.97,4113.33,4329.74,4613.85,4103.59,4627.18,4216.41,4243.08,4253.85,4328.21,4672.31,4416.92,1
4351.79,3970.26,4265.64,4104.1,4324.62,4616.41,4102.56,4627.69,4210.77,4228.72,4240.51,4315.38,4666.67,4420,1
4344.1,3969.23,4257.44,4094.87,4330.26,4626.15,4105.13,4628.72,4217.95,4228.72,4234.36,4304.1,4653.33,4405.64,1
4344.1,3972.82,4265.13,4098.46,4326.67,4615.38,4097.95,4629.74,4207.69,4226.67,4235.9,4311.79,4647.69,4409.23,1
4321.54,3962.56,4260,4088.72,4327.69,4621.03,4103.08,4631.79,4206.67,4230.26,4226.67,4307.69,4639.49,4388.21,1
4332.82,3975.38,4264.62,4101.03,4343.08,4635.9,4109.23,4636.41,4215.38,4236.41,4236.41,4312.31,4645.13,4391.79,1
4337.44,3983.08,4266.15,4102.05,4332.31,4625.64,4108.72,4633.33,4209.74,4222.05,4223.59,4303.08,4632.82,4396.92,1
4349.74,4003.59,4273.85,4108.21,4332.82,4630.77,4107.69,4627.69,4210.77,4229.23,4237.44,4306.67,4638.97,4407.69,1
4330.26,3991.79,4263.59,4108.21,4336.92,4633.85,4112.82,4641.03,4222.56,4234.87,4189.74,4303.08,4623.08,4389.74,1
4326.15,3985.13,4262.56,4104.62,4325.64,4616.41,4091.28,4622.05,4207.18,4222.56,4177.44,4294.87,4614.87,4375.9,1
4321.03,3987.69,4266.67,4113.85,4335.9,4624.1,4104.62,4623.08,4207.18,4215.9,4171.28,4298.46,4610.26,4382.05,1
4321.03,3978.46,4254.87,4091.79,4320,4608.21,4086.67,4622.05,4212.31,4221.03,4166.15,4287.69,4610.26,4370.26,1
4309.23,3984.62,4260.51,4091.79,4330.26,4620,4107.18,4645.64,4225.64,4240.51,4181.54,4302.56,4621.54,4376.92,1
4312.31,3983.08,4261.54,4090.77,4329.74,4623.59,4111.28,4639.49,4218.46,4233.85,4177.95,4298.97,4622.05,4375.9,1
4293.85,3968.21,4244.1,4074.87,4322.56,4606.67,4089.23,4622.56,4203.59,4209.23,4170.26,4288.21,4607.69,4369.23,1
4295.9,3977.95,4247.69,4087.69,4326.67,4616.92,4101.03,4632.82,4213.85,4233.33,4180.51,4292.82,4623.59,4369.23,1
4299.49,3990.26,4255.9,4097.44,4324.62,4601.03,4093.33,4617.44,4197.44,4214.87,4180.51,4297.44,4616.41,4360,1
4297.44,3983.59,4262.56,4098.97,4330.77,4614.36,4100.51,4625.13,4223.59,4229.74,4177.44,4300.51,4609.74,4363.08,1
4286.15,3991.28,4250.26,4098.46,4334.87,4617.44,4104.62,4623.59,4210.26,4217.95,4174.36,4280.51,4609.74,4346.15,1
4288.21,3998.97,4262.05,4107.18,4344.1,4617.44,4100,4637.95,4232.82,4235.9,4185.13,4292.31,4619.49,4353.85,1
4290.26,3996.41,4252.31,4097.44,4336.92,4615.38,4097.95,4626.67,4215.9,4227.18,4187.18,4286.15,4620.51,4352.31,1
4278.97,3995.38,4246.15,4084.1,4334.36,4619.49,4103.59,4624.1,4197.44,4217.44,4185.13,4276.41,4615.9,4334.36,1
4275.9,3998.46,4245.13,4090.77,4341.54,4622.05,4101.54,4626.67,4208.72,4227.18,4185.64,4270.77,4617.95,4334.87,1
4268.21,4002.56,4232.82,4085.13,4336.41,4622.56,4107.18,4629.23,4221.03,4230.77,4189.74,4277.44,4617.95,4331.28,1
4285.64,4014.36,4256.92,4101.03,4341.54,4624.1,4106.15,4627.18,4210.26,4227.18,4198.46,4288.72,4622.56,4350.26,1
4288.21,4017.95,4264.1,4106.67,4353.33,4632.82,4115.9,4631.79,4222.56,4240,4209.23,4295.38,4620,4349.23,1
4271.79,4017.95,4249.74,4098.97,4347.69,4624.1,4107.18,4626.15,4208.21,4228.21,4209.23,4282.05,4617.44,4348.72,1
4271.79,4007.69,4262.56,4101.54,4335.9,4630.26,4116.92,4626.67,4196.41,4215.9,4203.08,4284.62,4601.54,4338.46,1
4284.1,4027.69,4264.62,4121.54,4351.28,4634.36,4113.85,4618.97,4200,4224.62,4214.87,4286.67,4621.54,4349.23,1
4286.67,4027.69,4255.9,4116.92,4349.74,4628.21,4107.69,4625.64,4213.85,4228.21,4211.79,4280,4611.79,4342.05,1
4283.59,4024.1,4247.18,4105.64,4345.64,4617.95,4101.03,4606.67,4202.56,4222.05,4209.74,4271.79,4611.28,4342.56,1
4324.1,4036.92,4261.03,4104.1,4346.67,4626.15,4112.82,4624.1,4217.95,4233.85,4225.13,4290.77,4633.85,4382.05,1
4323.08,4038.97,4263.08,4105.64,4346.15,4631.28,4113.33,4620.51,4211.28,4221.03,4218.46,4294.87,4624.1,4383.08,1
4331.28,4051.28,4269.23,4114.36,4352.31,4630.77,4105.13,4627.69,4213.33,4226.67,4222.05,4295.38,4622.56,4384.62,1
4329.74,4057.44,4271.28,4124.1,4361.03,4641.03,4120,4633.85,4233.33,4246.67,4234.87,4297.95,4639.49,4387.69,1
4337.44,4055.38,4281.03,4124.1,4346.67,4627.69,4101.54,4641.03,4239.49,4257.95,4242.56,4306.67,4648.72,4395.38,1
4316.92,4035.9,4264.1,4109.74,4344.1,4621.03,4105.13,4634.36,4224.1,4230.77,4222.05,4294.36,4617.44,4372.31,1
4308.72,4035.38,4261.54,4111.28,4340,4622.56,4108.72,4626.15,4207.69,4227.69,4218.46,4289.74,4620,4365.13,1
4315.9,4043.08,4264.62,4122.56,4356.92,4632.82,4110.77,4642.05,4240.51,4242.05,4221.03,4298.46,4622.05,4373.33,1
4340.51,4058.97,4282.56,4137.95,4357.95,4625.13,4100.51,4619.49,4216.92,4240,4235.38,4304.1,4636.92,4388.21,1
4309.74,4029.74,4262.05,4117.44,4345.13,4627.69,4110.26,4629.74,4226.67,4225.64,4209.23,4287.69,4607.69,4354.87,1
4309.23,4036.41,4247.69,4113.33,4350.77,4630.26,4116.92,4628.72,4232.31,4245.13,4220.51,4281.03,4620.51,4361.54,1
4315.38,4041.54,4263.08,4117.95,4353.85,4627.69,4114.87,4626.67,4223.08,4234.36,4226.67,4289.74,4626.15,4366.15,1
4308.72,4027.18,4262.05,4110.77,4345.13,4625.64,4117.95,4623.08,4214.87,4240,4224.1,4285.64,4620,4358.46,1
4326.15,4044.62,4272.31,4124.1,4366.15,4638.46,4128.21,4634.36,4235.38,4255.38,4240.51,4302.56,4639.49,4377.44,1
4322.56,4037.95,4277.95,4120.51,4349.23,4630.77,4118.97,4631.28,4220,4236.92,4224.1,4291.28,4619.49,4365.64,1
4320,4042.56,4266.67,4122.56,4346.67,4616.41,4109.23,4619.49,4223.08,4246.67,4225.64,4289.74,4627.18,4369.74,1
4317.95,4040,4270.26,4123.59,4349.23,4617.95,4105.64,4610.26,4214.36,4243.59,4223.59,4294.87,4627.18,4377.95,1
4321.54,4040.51,4266.15,4123.59,4352.31,4624.1,4106.15,4608.21,4209.23,4230.26,4219.49,4292.82,4623.08,4370.77,1
4312.82,4025.64,4260.51,4109.74,4340.51,4614.36,4102.56,4604.1,4200,4228.72,4212.31,4287.69,4617.95,4364.62,1
4318.46,4030.77,4263.59,4120.51,4348.72,4629.23,4110.26,4615.38,4211.79,4235.9,4208.21,4285.64,4623.08,4369.23,1
4310.77,4027.18,4267.18,4122.05,4350.26,4628.72,4116.41,4629.74,4230.26,4252.31,4220.51,4291.28,4629.23,4369.74,1
4314.36,4028.72,4266.15,4125.13,4355.9,4627.69,4109.74,4606.15,4210.77,4236.41,4206.67,4284.62,4623.08,4371.79,1
4353.85,4070.26,4282.05,4140.51,4360,4624.1,4109.74,4608.72,4206.67,4225.13,4206.67,4287.18,4615.9,4392.82,1
4334.36,4056.41,4281.03,4147.18,4354.87,4630.26,4113.33,4614.36,4208.21,4231.28,4207.18,4291.28,4608.72,4376.92,1
4342.05,4071.28,4293.85,4151.28,4346.15,4625.13,4120,4622.05,4218.46,4229.23,4207.69,4302.05,4593.85,4383.59,1
4281.03,4028.21,4264.62,4135.38,4347.69,4626.67,4114.36,4618.97,4213.85,4225.64,4190.26,4277.44,4572.82,4326.67,1
4261.54,4025.64,4248.72,4129.23,4341.03,4624.1,4104.1,4603.08,4204.62,4204.1,4160,4263.08,4529.74,4308.72,1
4246.67,4002.05,4247.18,4118.46,4343.59,4623.59,4113.33,4607.18,4195.9,4195.38,4152.31,4263.59,4525.64,4283.08,1
4263.08,4017.95,4258.46,4136.92,4350.26,4631.79,4119.49,4608.72,4208.72,4215.38,4176.92,4280,4551.79,4310.26,0
4267.69,4020.51,4266.15,4138.46,4348.21,4630.26,4105.64,4605.64,4207.69,4214.87,4183.08,4269.74,4557.44,4310.26,0
7222.05,3797.95,1040,3733.85,6040.51,362564,6350.26,5361.54,1357.95,6215.38,3273.33,3091.28,276.41,715897,0
4266.15,4012.31,4250.77,4135.9,4354.87,4622.05,4101.54,4598.97,4204.1,4203.08,4179.49,4271.28,4561.54,4314.87,0
4266.15,4000.51,4233.85,4120.51,4341.03,4616.41,4096.92,4585.64,4175.38,4192.31,4171.28,4260.51,4554.87,4301.54,0
4258.97,4000.51,4235.9,4107.69,4343.08,4626.15,4114.36,4615.38,4212.82,4221.54,4184.1,4260.51,4562.56,4308.72,0
4259.49,4000,4236.92,4107.69,4345.64,4628.72,4111.79,4608.21,4213.33,4213.85,4187.18,4267.18,4569.74,4316.92,0
4266.15,4007.18,4231.28,4104.62,4347.69,4622.56,4101.54,4602.56,4210.77,4220,4189.23,4263.08,4572.31,4309.23,0
4258.97,3990.77,4237.95,4102.56,4345.13,4622.56,4103.59,4602.05,4196.92,4212.31,4185.13,4265.64,4566.15,4318.97,0
4258.97,4015.9,4230.77,4107.69,4349.23,4627.69,4096.41,4598.46,4198.97,4218.97,4185.13,4258.46,4560.51,4302.56,0
4274.36,4028.72,4248.21,4122.56,4354.36,4631.79,4105.13,4617.95,4216.41,4235.38,4199.49,4276.92,4577.95,4326.15,0
4285.13,4032.31,4251.79,4124.62,4348.72,4629.74,4109.23,4609.74,4213.85,4234.36,4198.46,4278.46,4585.13,4336.41,0
4270.26,4023.59,4234.36,4117.44,4348.72,4629.74,4092.31,4587.69,4187.69,4204.62,4174.36,4255.9,4564.1,4313.33,0
4285.64,4031.28,4252.82,4125.13,4351.79,4625.64,4092.31,4593.33,4188.21,4222.05,4195.9,4275.9,4588.21,4335.9,0
4288.72,4034.87,4249.23,4134.36,4358.46,4627.69,4092.31,4595.9,4192.31,4219.49,4190.26,4273.33,4581.54,4341.03,0
4289.74,4022.56,4233.85,4107.18,4348.21,4617.95,4084.62,4591.28,4185.13,4217.44,4187.69,4265.13,4583.08,4337.44,0
4301.03,4024.62,4247.18,4120,4352.82,4630.77,4098.97,4596.92,4184.1,4228.72,4195.9,4274.87,4593.85,4351.79,0
4309.74,4026.15,4265.13,4123.59,4353.85,4628.21,4104.1,4609.74,4192.82,4229.74,4206.15,4284.62,4601.03,4366.15,0
4306.15,4024.62,4262.56,4122.05,4350.26,4591.79,4101.03,4612.31,4209.23,4241.03,4208.72,4285.64,4600.51,4358.46,0
4290.77,4001.54,4250.26,4106.67,4345.64,4582.56,4099.49,4618.46,4211.28,4240,4194.87,4268.72,4584.62,4345.64,0
4300.51,4015.38,4255.9,4109.23,4349.23,4569.74,4096.41,4607.18,4198.46,4231.28,4197.44,4277.95,4596.92,4348.21,0
4292.82,4015.9,4247.69,4121.03,4351.28,4569.23,4096.92,4599.49,4189.23,4224.62,4187.69,4260,4584.62,4336.41,0
4288.72,4007.69,4243.59,4120,4345.64,4577.44,4093.85,4598.46,4179.49,4216.92,4190.77,4269.74,4585.64,4338.97,0
4303.59,4017.95,4251.28,4118.97,4349.74,4577.44,4089.23,4611.79,4204.1,4235.38,4207.18,4286.15,4603.59,4361.03,0
4306.15,4023.08,4263.59,4127.69,4343.08,4571.28,4082.05,4598.97,4193.85,4223.08,4207.69,4286.67,4601.54,4358.46,0
4306.67,4013.85,4262.05,4127.69,4347.18,4574.36,4085.64,4613.85,4205.13,4232.82,4210.26,4288.72,4609.23,4361.54,0
4301.54,4013.85,4257.44,4124.1,4341.03,4573.85,4085.13,4606.15,4198.46,4235.38,4197.95,4279.49,4601.03,4354.36,0
4296.41,4008.21,4259.49,4121.03,4332.31,4577.95,4090.77,4617.95,4202.56,4231.79,4196.41,4283.08,4593.85,4358.97,0
4306.15,4015.9,4260.51,4129.23,4344.1,4578.97,4096.92,4615.9,4210.77,4245.13,4205.64,4283.59,4610.26,4356.41,0
4306.67,4014.36,4262.05,4132.82,4336.41,4579.49,4086.67,4607.18,4188.72,4221.54,4194.87,4284.62,4603.08,4363.08,0
4289.23,4003.59,4244.1,4117.44,4325.13,4572.82,4075.9,4607.69,4194.36,4212.31,4192.31,4271.79,4590.26,4354.36,0
4294.36,4023.59,4255.38,4123.08,4330.26,4582.56,4092.31,4612.82,4201.54,4227.18,4196.92,4277.44,4593.33,4349.74,0
4306.67,4044.1,4263.08,4139.49,4337.95,4582.56,4081.54,4609.23,4197.95,4231.79,4178.46,4281.03,4607.18,4353.33,0
4295.9,4023.59,4261.03,4125.64,4322.05,4584.62,4091.79,4600,4182.56,4214.36,4156.92,4270.26,4582.05,4349.74,0
4288.21,4031.79,4253.85,4136.41,4321.54,4582.05,4071.28,4600.51,4177.95,4205.64,4155.38,4266.67,4587.18,4345.64,0
4304.62,4032.31,4264.62,4140.51,4333.85,4591.28,4083.59,4606.67,4199.49,4235.38,4178.97,4288.21,4605.64,4351.79,0
4310.77,4021.54,4251.79,4124.1,4329.23,4584.1,4086.67,4604.1,4191.79,4227.69,4181.03,4286.15,4602.05,4358.97,0
4301.03,4016.92,4251.28,4121.54,4326.15,4589.23,4080,4597.44,4183.08,4223.59,4182.05,4276.92,4600.51,4350.77,0
4302.56,4027.18,4250.77,4122.56,4338.46,4593.85,4085.64,4606.67,4205.64,4227.69,4179.49,4269.23,4600.51,4355.38,0
4298.97,4017.44,4249.23,4113.85,4329.23,4597.95,4082.05,4608.21,4196.92,4226.67,4184.62,4273.85,4599.49,4354.87,0
4300,4017.95,4246.15,4114.36,4333.85,4598.97,4080,4613.33,4204.62,4230.26,4193.33,4272.31,4603.08,4360.51,0
4298.46,4006.15,4247.69,4104.1,4327.69,4595.38,4072.31,4610.26,4199.49,4221.54,4189.74,4272.31,4597.44,4358.46,0
4357.44,4063.59,4277.95,4140,4329.23,4585.13,4074.36,4601.03,4184.62,4214.87,4197.44,4288.72,4612.31,4404.62,0
4462.05,4136.92,4300.51,4168.21,4326.67,4585.64,4067.18,4598.46,4182.56,4213.85,4207.69,4303.08,4641.03,4478.97,0
4465.64,4111.79,4308.72,4169.23,4328.72,4583.59,4062.56,4592.82,4181.54,4226.15,4246.15,4316.41,4703.08,4523.59,0
4446.67,4052.31,4309.74,4144.62,4323.08,4588.21,4070.77,4583.08,4169.74,4217.44,4267.18,4325.64,4733.33,4527.69,0
4372.82,3983.08,4278.97,4108.72,4322.56,4586.15,4073.85,4596.41,4191.79,4236.41,4255.9,4315.9,4709.74,4464.1,1
4345.13,3974.87,4264.1,4092.82,4322.56,4593.33,4083.08,4617.95,4225.64,4255.38,4267.18,4312.31,4708.72,4451.28,1
4335.38,3976.41,4264.1,4097.44,4336.41,4606.67,4099.49,4630.77,4220,4251.79,4248.21,4300,4681.03,4429.23,1
4328.72,3974.87,4272.82,4097.95,4332.31,4602.05,4092.31,4628.21,4218.97,4248.21,4255.38,4308.72,4678.46,4427.69,1
4298.97,3961.54,4248.72,4089.74,4332.31,4603.08,4091.28,4629.74,4221.54,4250.26,4241.54,4295.38,4660,4408.21,1
4306.15,3972.82,4246.67,4091.28,4336.41,4607.18,4088.21,4626.67,4217.44,4256.41,4248.21,4292.82,4671.79,4415.38,1
4291.79,3957.95,4248.21,4077.44,4316.92,4586.15,4083.59,4621.03,4210.77,4241.54,4222.56,4284.62,4645.13,4391.28,1
4290.77,3957.95,4255.38,4085.64,4326.67,4598.97,4089.74,4625.64,4212.31,4242.56,4226.15,4288.21,4644.62,4393.33,1
4289.23,3975.9,4266.67,4105.13,4325.64,4599.49,4093.33,4615.9,4200.51,4226.67,4210.26,4285.64,4624.62,4380.51,1
4307.18,4002.05,4266.67,4112.31,4326.15,4600,4089.23,4621.03,4205.64,4223.59,4201.54,4291.28,4604.1,4388.72,1
4288.21,3986.15,4242.56,4092.31,4314.87,4596.41,4087.69,4612.31,4198.46,4221.54,4194.87,4265.64,4594.36,4360,1
4314.87,4011.79,4266.15,4110.77,4332.31,4599.49,4087.18,4604.1,4189.23,4223.59,4208.21,4283.59,4606.15,4375.38,1
4296.92,4000,4263.08,4106.15,4329.23,4600,4085.13,4607.18,4190.26,4215.38,4198.97,4282.05,4590.26,4368.21,1
4304.1,4013.33,4264.1,4111.79,4341.54,4613.85,4090.77,4614.36,4204.1,4232.82,4206.67,4281.03,4605.13,4369.23,1
4290.77,4002.56,4262.56,4107.18,4331.28,4610.26,4094.87,4616.92,4203.08,4231.79,4206.15,4280.51,4597.95,4363.08,1
4307.18,4013.85,4280.51,4120.51,4344.1,4616.92,4091.79,4628.72,4216.92,4242.56,4226.15,4292.82,4615.38,4376.92,1
4286.67,4002.56,4261.54,4117.95,4335.38,4617.95,4089.23,4630.26,4218.46,4240.51,4208.21,4276.92,4601.54,4355.38,1
4301.03,4016.92,4278.97,4129.23,4346.67,4616.41,4083.59,4621.03,4213.33,4245.64,4222.56,4291.28,4615.38,4386.67,1
4297.95,4019.49,4274.36,4135.9,4348.21,4626.15,4085.64,4632.82,4222.05,4237.44,4211.28,4283.59,4605.64,4371.79,1
4287.18,4001.54,4259.49,4116.92,4339.49,4617.95,4082.56,4613.33,4207.69,4232.82,4210.77,4277.95,4604.1,4373.85,1
4287.69,4004.62,4261.54,4114.36,4340.51,4620.51,4085.64,4615.38,4216.92,4247.69,4221.54,4279.49,4612.31,4374.36,1
4286.15,4007.69,4271.28,4121.54,4344.62,4618.97,4089.23,4622.05,4207.69,4237.95,4216.41,4283.59,4607.69,4372.31,1
4277.44,4003.59,4258.97,4114.36,4341.54,4614.36,4076.41,4611.28,4204.62,4221.03,4203.08,4268.21,4590.77,4360,1
4297.95,4004.1,4273.33,4119.49,4335.38,4620,4097.95,4626.67,4215.9,4240,4222.56,4295.38,4607.69,4375.9,1
4369.74,4062.05,4295.38,4151.79,4341.54,4616.92,4078.46,4606.67,4206.67,4236.41,4228.21,4298.46,4628.72,4431.79,1
4388.21,4112.31,4300.51,4169.23,4340,4614.87,4075.9,4601.54,4180.51,4187.18,4192.31,4296.92,4570.77,4429.23,1
4321.03,4055.38,4281.03,4152.31,4345.64,4623.08,4089.23,4613.33,4203.08,4206.15,4185.13,4283.08,4553.85,4371.79,1
4288.21,4028.72,4276.92,4138.46,4344.1,4632.31,4086.67,4616.41,4193.33,4202.05,4172.82,4271.28,4539.49,4333.85,1
4271.79,4017.44,4268.21,4132.31,4345.13,4629.23,4087.18,4607.18,4185.13,4199.49,4181.03,4269.74,4552.31,4330.77,1
4259.49,4000.51,4249.23,4118.46,4342.05,4631.28,4105.64,4620,4201.54,4217.95,4186.15,4264.62,4555.38,4333.33,1
4250.77,3972.31,4250.26,4104.1,4336.41,4624.62,4094.36,4613.33,4210.77,4233.85,4204.1,4271.28,4594.36,4337.95,0
4251.79,3969.23,4247.18,4102.05,4335.38,4638.46,4099.49,4631.28,4214.36,4233.85,4207.18,4278.97,4590.77,4341.03,0
4239.49,3964.62,4244.62,4096.41,4331.28,4632.31,4093.33,4619.49,4196.92,4216.41,4187.69,4263.59,4572.82,4322.05,0
4262.05,3977.95,4262.56,4109.74,4342.05,4639.49,4104.1,4635.9,4225.13,4241.03,4201.03,4286.15,4595.38,4344.62,0
4267.18,3987.18,4254.87,4111.28,4337.95,4634.87,4095.38,4625.13,4210.77,4232.82,4193.85,4272.82,4590.77,4342.56,0
4272.31,3990.26,4263.59,4116.92,4336.41,4634.36,4095.38,4625.13,4217.44,4234.36,4197.95,4276.92,4590.77,4347.69,0
4262.56,3979.49,4251.79,4107.69,4323.59,4616.92,4077.95,4605.13,4193.85,4217.95,4178.97,4269.74,4573.85,4333.33,0
4274.36,3997.95,4249.74,4120.51,4331.79,4621.03,4083.08,4611.28,4197.95,4225.13,4190.77,4273.85,4587.69,4343.08,0
4301.03,4021.03,4268.72,4131.79,4330.77,4611.28,4082.56,4609.23,4189.23,4208.72,4187.18,4277.95,4582.05,4352.31,0
4291.28,4018.46,4257.95,4121.54,4334.36,4620,4091.28,4618.97,4202.05,4226.67,4195.38,4275.38,4583.59,4348.21,0
4277.44,4014.87,4251.79,4117.44,4333.85,4621.03,4087.18,4605.13,4192.31,4213.85,4178.97,4259.49,4567.69,4334.36,0
4276.41,4004.62,4246.67,4095.38,4318.97,4614.87,4086.15,4602.05,4181.54,4200,4163.59,4257.44,4551.28,4323.59,0
4280,4008.72,4249.74,4105.64,4325.13,4616.92,4085.13,4609.74,4204.1,4222.56,4189.74,4268.21,4572.82,4347.18,0
4291.79,4013.85,4263.59,4106.15,4327.18,4617.95,4084.1,4604.62,4196.41,4213.85,4187.18,4271.28,4572.82,4356.41,0
4281.03,4017.44,4261.54,4108.21,4318.97,4616.41,4081.03,4594.36,4188.72,4208.72,4175.38,4266.15,4568.72,4349.23,0
4297.44,4024.62,4269.74,4120.51,4326.67,4624.62,4100,4613.33,4205.13,4240,4206.15,4286.67,4602.05,4372.82,0
4296.92,4018.46,4263.08,4113.85,4327.18,4625.64,4084.1,4615.9,4208.21,4237.44,4203.08,4282.05,4597.44,4369.23,0
4298.46,4026.15,4262.05,4124.62,4335.38,4614.87,4085.64,4604.1,4198.46,4225.13,4177.95,4274.36,4591.28,4361.03,0
4298.46,4017.44,4267.18,4120.51,4329.23,4613.85,4081.54,4598.97,4194.87,4227.69,4176.41,4278.97,4592.31,4357.95,0
4285.13,4012.31,4257.95,4125.64,4328.72,4620.51,4073.33,4597.95,4184.1,4217.95,4157.95,4265.64,4581.03,4351.79,0
4282.05,4008.21,4261.54,4124.62,4335.38,4621.54,4073.33,4588.21,4175.9,4219.49,4161.54,4269.74,4580.51,4355.9,0
4288.21,4014.87,4249.74,4121.03,4339.49,4627.18,4077.44,4608.21,4211.28,4230.26,4176.92,4271.28,4593.33,4355.38,0
4303.59,4033.33,4265.64,4124.62,4344.62,4629.74,4072.82,4609.74,4211.28,4242.56,4186.15,4278.46,4604.62,4370.77,0
4288.72,4011.28,4262.05,4112.82,4332.82,4616.41,4075.38,4616.92,4221.54,4236.92,4187.18,4284.62,4600.51,4360,0
4289.23,4007.18,4264.1,4117.44,4329.23,4614.36,4074.87,4600.51,4190.77,4224.1,4175.38,4275.38,4589.74,4353.33,0
4293.85,4018.97,4255.38,4123.59,4338.97,4620,4071.79,4601.54,4204.1,4238.46,4194.87,4272.82,4610.26,4362.05,0
4306.67,4013.33,4269.23,4126.67,4334.87,4617.44,4073.33,4622.56,4224.1,4243.59,4206.15,4294.36,4618.97,4382.56,0
4296.92,4007.18,4267.18,4122.05,4332.31,4612.82,4068.72,4609.23,4198.46,4230.26,4195.38,4288.72,4607.69,4367.69,0
4294.36,3994.36,4266.67,4120.51,4325.64,4612.82,4065.64,4593.85,4182.05,4213.33,4182.05,4277.95,4592.82,4362.05,0
4302.05,3992.82,4262.05,4127.69,4334.87,4615.38,4075.38,4594.87,4191.28,4233.33,4200,4284.1,4607.18,4366.15,0
4300,3989.23,4261.03,4130.26,4334.87,4611.28,4070.77,4593.85,4201.03,4231.28,4200.51,4282.05,4611.28,4362.05,0
4308.72,3990.77,4277.95,4138.46,4337.44,4613.33,4080,4605.13,4208.21,4236.92,4207.18,4289.23,4617.44,4371.28,0
4300.51,3981.03,4260.51,4121.03,4332.82,4615.9,4088.21,4610.77,4211.28,4231.79,4207.18,4282.56,4607.69,4352.82,0
4317.95,3996.41,4270.26,4134.36,4342.56,4626.67,4088.21,4609.23,4192.31,4228.21,4212.31,4294.36,4618.97,4373.33,0
4323.08,4003.08,4266.15,4133.85,4344.62,4609.74,4068.21,4594.87,4196.92,4240,4220,4292.82,4623.59,4378.97,0
4308.72,3990.26,4260.51,4123.59,4332.31,4614.87,4072.82,4601.03,4192.31,4233.85,4205.13,4282.05,4613.33,4357.44,0
4309.74,4003.59,4263.08,4124.62,4340,4617.95,4075.38,4606.15,4202.05,4238.97,4213.33,4287.18,4620,4364.62,0
4297.95,3992.82,4264.1,4124.1,4335.9,4612.82,4072.82,4597.44,4189.74,4216.41,4203.08,4282.56,4605.13,4357.44,0
4297.95,3996.41,4253.33,4120.51,4326.67,4603.59,4071.28,4606.15,4189.23,4221.03,4192.31,4269.23,4592.82,4343.59,0
4292.31,3982.05,4258.97,4109.23,4321.54,4612.31,4075.9,4602.05,4189.23,4213.85,4192.82,4277.44,4596.92,4349.74,0
4294.87,3999.49,4257.95,4124.1,4332.31,4617.44,4078.46,4613.85,4209.74,4229.74,4202.56,4274.87,4605.64,4342.56,0
4286.15,3990.77,4238.97,4115.9,4328.21,4615.38,4070.26,4600.51,4198.97,4227.18,4195.38,4267.69,4602.56,4346.67,0
4298.46,4006.67,4260,4126.67,4332.31,4616.41,4076.92,4606.15,4205.13,4231.28,4207.18,4276.41,4606.67,4355.9,0
4374.87,4063.59,4281.03,4154.36,4335.38,4614.87,4066.67,4607.18,4197.95,4231.28,4220.51,4297.95,4624.1,4409.23,0
4346.15,4029.23,4274.87,4137.44,4328.72,4616.41,4089.74,4615.9,4202.05,4229.74,4195.38,4296.41,4614.36,4386.15,0
4317.44,4021.54,4261.03,4125.13,4331.79,4617.44,4087.18,4615.38,4206.67,4238.97,4172.31,4282.05,4618.97,4374.87,0
4315.9,4019.49,4262.56,4121.03,4328.72,4611.79,4076.41,4603.59,4191.79,4223.08,4157.95,4276.41,4608.72,4366.67,0
4298.46,4009.23,4253.85,4123.59,4332.82,4606.67,4072.31,4587.18,4175.9,4210.26,4145.13,4271.79,4602.05,4358.46,0
4286.67,3993.33,4249.23,4110.77,4322.05,4606.67,4073.33,4589.74,4181.54,4201.03,4132.31,4269.23,4577.44,4340.51,0
4296.92,4005.64,4262.05,4122.56,4328.21,4603.59,4072.82,4587.18,4174.87,4213.33,4145.13,4279.49,4605.13,4355.9,0
4362.05,4061.54,4262.56,4148.72,4321.03,4592.82,4054.87,4576.41,4172.82,4211.28,4148.21,4277.95,4620.51,4407.69,0
4429.74,4098.46,4296.92,4169.74,4320.51,4582.05,4045.64,4567.18,4164.62,4215.38,4174.87,4313.33,4651.79,4470.77,0
4438.46,4070.26,4292.31,4153.85,4328.21,4600,4063.59,4595.38,4199.49,4248.72,4210.26,4328.21,4713.85,4505.64,0
4392.31,4027.18,4260,4134.87,4321.03,4591.28,4056.41,4592.31,4177.95,4221.54,4188.21,4302.05,4690.77,4467.18,0
4362.05,4003.59,4254.87,4124.1,4315.38,4603.59,4068.72,4596.41,4197.44,4243.08,4202.56,4294.36,4708.21,4453.85,1
4326.15,3968.21,4245.64,4106.15,4318.97,4603.59,4065.64,4613.33,4198.97,4255.9,4206.67,4297.44,4700,4429.74,1
4293.85,3945.13,4233.85,4103.08,4314.36,4600.51,4068.21,4607.18,4190.77,4236.92,4185.13,4281.54,4667.18,4390.77,1
4296.92,3942.56,4249.74,4100,4312.82,4602.56,4083.08,4610.77,4188.21,4236.41,4187.18,4288.72,4664.62,4391.79,1
4315.38,3979.49,4257.95,4122.05,4321.54,4613.85,4083.08,4614.36,4194.87,4227.18,4172.31,4275.38,4633.85,4388.21,1
4366.15,4005.64,4281.03,4142.05,4322.56,4603.08,4069.74,4610.26,4188.72,4242.56,4203.08,4306.15,4677.95,4442.05,1
4358.97,3992.82,4273.33,4136.41,4320,4597.44,4060.51,4586.67,4173.85,4218.46,4187.18,4296.41,4654.36,4428.21,1
4356.41,3988.21,4273.85,4137.44,4312.82,4598.97,4070.77,4596.41,4184.1,4215.38,4183.08,4296.41,4635.9,4423.59,1
4336.92,3978.46,4263.59,4135.9,4323.08,4614.87,4077.44,4602.56,4184.1,4222.56,4175.38,4298.46,4636.41,4408.72,1
4334.36,3982.05,4269.74,4135.38,4325.64,4609.74,4073.85,4607.69,4190.77,4227.69,4183.08,4290.77,4637.95,4408.72,1
4336.92,3987.18,4277.44,4146.67,4331.79,4603.08,4070.26,4607.69,4198.46,4237.44,4191.28,4299.49,4641.03,4410.77,1
4310.77,3971.28,4257.44,4135.9,4326.67,4611.79,4066.67,4602.56,4192.31,4212.31,4168.21,4278.97,4613.33,4386.15,1
4299.49,3975.38,4232.82,4121.03,4327.18,4614.36,4073.85,4610.77,4204.62,4234.36,4179.49,4273.85,4618.46,4378.97,1
4295.38,3965.64,4233.33,4110.77,4330.26,4616.92,4084.62,4617.44,4208.21,4238.46,4185.13,4278.97,4610.77,4375.38,1
4289.74,3968.21,4236.92,4108.21,4327.18,4608.21,4067.69,4604.62,4193.85,4229.23,4180,4271.79,4606.67,4368.21,1
4295.38,3975.9,4234.87,4108.72,4328.21,4607.18,4070.77,4609.74,4203.08,4237.95,4192.31,4277.95,4623.08,4375.9,1
4279.49,3962.56,4233.85,4103.59,4315.38,4598.97,4070.77,4595.38,4189.74,4227.18,4184.1,4278.97,4608.72,4355.38,1
4280,3963.08,4232.82,4105.13,4318.97,4587.69,4068.72,4593.85,4182.56,4218.46,4176.41,4269.23,4597.95,4346.15,1
4281.03,3980,4241.03,4114.36,4327.69,4605.64,4077.44,4613.33,4202.05,4230.77,4181.54,4271.28,4607.18,4352.31,1
4275.38,3973.85,4234.87,4112.31,4327.69,4610.26,4074.36,4611.28,4206.67,4241.03,4194.36,4274.87,4610.77,4354.87,1
4268.72,3976.41,4232.31,4110.26,4330.26,4611.28,4073.85,4607.69,4194.87,4226.15,4181.03,4260,4606.15,4348.72,1
4243.08,3948.21,4224.1,4092.82,4313.33,4598.97,4063.59,4590.77,4176.41,4211.28,4162.56,4250.26,4579.49,4323.59,1
4332.31,4021.03,4268.72,4138.97,4328.21,4601.54,4068.72,4597.44,4192.31,4230.26,4199.49,4287.18,4614.36,4404.1,1
4333.33,4023.59,4264.62,4137.95,4331.28,4599.49,4065.64,4578.97,4172.31,4211.28,4191.79,4276.92,4603.08,4393.85,1
4313.33,4007.18,4248.72,4110.77,4321.03,4596.41,4063.08,4593.85,4185.13,4216.92,4191.28,4268.21,4602.05,4374.87,1
4323.08,4016.41,4264.62,4125.13,4331.79,4598.97,4055.9,4582.56,4177.44,4209.74,4190.26,4274.36,4596.41,4381.03,1
4304.1,4008.21,4247.18,4118.97,4327.69,4589.23,4041.54,4575.38,4173.33,4213.85,4176.41,4264.1,4600,4366.15,1
4295.9,3991.28,4237.95,4106.67,4315.38,4594.87,4054.36,4601.03,4192.31,4209.74,4170.77,4256.92,4583.59,4351.28,1
4320.51,4026.15,4255.9,4123.08,4317.44,4590.77,4057.95,4597.44,4178.97,4213.85,4176.92,4268.21,4591.79,4367.69,1
4321.54,4033.33,4265.13,4137.95,4330.26,4589.74,4047.69,4589.74,4172.82,4208.21,4176.41,4267.18,4589.23,4371.28,1
4302.05,4012.31,4258.46,4126.67,4324.62,4584.1,4050.26,4580,4172.31,4203.08,4178.46,4266.15,4588.21,4359.49,1
4295.9,4002.56,4248.21,4118.97,4323.08,4591.79,4052.82,4575.9,4168.72,4194.36,4166.67,4255.9,4566.67,4346.15,1
4290.77,4008.21,4245.13,4121.54,4326.15,4599.49,4060,4592.82,4181.54,4209.74,4180,4252.82,4577.44,4342.05,1
4295.38,4000.51,4258.97,4122.05,4318.46,4596.41,4052.31,4591.79,4179.49,4197.95,4174.87,4260,4568.72,4346.15,1
4292.31,4000.51,4247.18,4116.41,4322.05,4603.08,4063.59,4604.62,4188.72,4207.69,4181.03,4257.44,4577.44,4348.21,1
4296.92,4007.69,4249.74,4126.15,4329.74,4603.59,4062.05,4599.49,4191.28,4218.97,4189.74,4262.56,4589.23,4351.79,1
4300.51,4011.79,4255.38,4127.69,4327.69,4595.9,4054.36,4595.9,4185.64,4215.38,4192.82,4270.26,4593.33,4364.62,1
4310.26,4020,4265.13,4136.41,4338.46,4608.21,4057.95,4592.82,4186.67,4207.18,4191.28,4273.33,4595.38,4375.38,1
4291.28,4003.08,4251.79,4124.1,4328.72,4608.72,4064.1,4597.44,4193.33,4210.77,4183.59,4268.72,4586.67,4360,1
4320.51,4033.33,4253.33,4137.44,4327.18,4602.56,4051.79,4593.85,4189.23,4213.33,4184.62,4271.28,4592.31,4381.54,1
4321.03,4036.41,4268.72,4143.08,4329.23,4610.26,4065.13,4592.82,4179.49,4199.49,4173.33,4268.21,4571.79,4358.97,1
4285.13,4011.79,4247.18,4136.41,4330.77,4612.82,4062.56,4595.9,4188.21,4203.59,4172.31,4260.51,4566.15,4338.46,1
4282.05,4032.31,4254.36,4151.28,4336.92,4611.79,4061.03,4595.9,4186.15,4204.62,4167.69,4261.03,4548.21,4315.38,1
4230.26,3997.95,4239.49,4138.97,4340.51,4616.92,4060,4596.41,4185.13,4198.97,4147.18,4250.26,4533.85,4278.97,1
4208.72,3967.18,4214.36,4107.18,4339.49,4617.95,4079.49,4597.95,4187.18,4202.05,4150.26,4228.21,4526.67,4265.13,1
4210.77,3971.28,4218.97,4103.08,4331.79,4613.85,4070.77,4603.08,4198.46,4216.92,4170.26,4242.56,4542.05,4271.28,1
4209.74,3964.62,4214.87,4092.31,4330.77,4615.38,4076.92,4596.92,4189.74,4210.77,4168.21,4244.1,4542.56,4273.33,0
4215.9,3970.26,4215.9,4097.95,4332.31,4614.87,4076.92,4598.46,4186.67,4207.18,4170.26,4245.13,4544.62,4280.51,0
4218.97,3973.33,4217.44,4098.97,4333.33,4618.97,4073.33,4590.77,4182.05,4203.59,4164.1,4242.56,4544.1,4273.33,0
4220.51,3973.33,4229.74,4106.15,4326.15,4613.85,4069.74,4603.08,4190.77,4208.72,4169.74,4254.36,4548.21,4298.97,0
4234.36,3979.49,4232.31,4106.15,4333.85,4613.33,4064.62,4599.49,4191.28,4211.79,4175.9,4250.77,4558.97,4295.9,0
4252.31,3993.85,4247.18,4120,4338.46,4617.44,4068.21,4605.64,4203.08,4219.49,4186.67,4260,4574.87,4314.87,0
4236.41,3977.95,4237.44,4103.59,4334.36,4617.44,4072.31,4608.21,4193.85,4215.38,4173.85,4258.97,4562.05,4292.31,0
4245.64,3987.69,4233.33,4105.13,4336.41,4615.9,4073.33,4605.64,4199.49,4213.85,4180.51,4253.85,4566.15,4304.62,0
4251.79,3986.15,4231.79,4098.97,4331.28,4613.33,4075.9,4600.51,4194.87,4224.1,4191.28,4260,4572.31,4307.18,0
4261.54,4000,4246.67,4105.64,4338.46,4626.15,4083.08,4613.33,4201.03,4225.64,4191.28,4264.1,4578.46,4317.44,0
4261.03,3984.62,4246.15,4106.67,4335.9,4627.18,4092.31,4620,4201.03,4220,4196.41,4269.74,4582.05,4312.82,0
4273.33,3996.92,4257.95,4109.74,4340.51,4626.67,4089.23,4617.95,4196.92,4210.77,4199.49,4274.87,4585.64,4326.15,0
4272.31,3992.31,4249.74,4109.74,4332.31,4615.38,4070.26,4603.59,4189.23,4204.62,4186.15,4269.23,4574.36,4320,0
4270.77,3984.1,4244.62,4106.67,4329.74,4615.9,4080.51,4605.64,4195.9,4220,4190.26,4268.21,4575.38,4318.46,0
4269.74,3978.97,4251.79,4108.72,4332.31,4615.9,4072.31,4604.62,4203.59,4228.72,4190.26,4272.31,4580.51,4326.15,0
4264.1,3976.41,4244.1,4109.74,4330.77,4614.87,4077.95,4609.74,4193.33,4225.13,4178.97,4262.56,4566.15,4311.79,0
4270.77,3965.13,4262.56,4103.08,4325.13,4609.23,4077.44,4612.31,4194.87,4210.77,4185.13,4273.33,4574.87,4329.23,0
4276.92,3971.79,4249.23,4106.15,4330.77,4615.38,4081.54,4614.87,4199.49,4226.67,4192.31,4270.26,4580,4323.08,0
4267.18,3970.26,4233.85,4104.1,4326.67,4606.67,4073.85,4601.03,4194.87,4222.56,4189.23,4270.26,4581.03,4321.03,0
4285.64,3984.1,4261.03,4108.21,4328.21,4607.18,4074.87,4598.46,4197.44,4227.18,4194.87,4279.49,4585.64,4342.56,0
4277.44,3976.41,4248.21,4103.08,4324.62,4610.26,4086.15,4612.31,4196.92,4231.28,4198.46,4280.51,4587.18,4337.95,0
4274.87,3974.87,4250.77,4102.05,4320,4608.21,4073.85,4600,4192.31,4222.05,4191.28,4271.79,4577.44,4331.79,0
4301.54,4005.13,4262.05,4120.51,4330.26,4616.92,4071.79,4597.95,4201.54,4233.85,4206.15,4284.62,4600,4367.18,0
4424.62,4109.74,4304.1,4171.28,4324.62,4602.05,4056.41,4594.87,4194.87,4213.85,4210.26,4306.15,4614.87,4451.79,0
4373.85,4059.49,4294.36,4156.41,4332.31,4612.82,4072.31,4612.31,4209.74,4224.62,4215.38,4301.03,4610.26,4414.36,0
4327.69,4026.67,4282.56,4139.49,4334.87,4620.51,4084.62,4622.05,4201.03,4235.38,4201.03,4293.33,4594.87,4377.44,0
4296.92,3996.92,4260.51,4120.51,4337.44,4627.69,4085.64,4616.92,4210.77,4233.85,4187.69,4281.54,4580.51,4343.08,0
4297.95,3990.26,4259.49,4106.15,4333.85,4621.54,4086.67,4624.62,4209.74,4234.87,4194.87,4286.67,4592.31,4355.9,1
4292.31,3991.79,4260,4108.21,4326.15,4616.92,4084.1,4615.38,4203.08,4230.77,4191.79,4281.03,4585.13,4337.44,1
4309.74,3988.72,4265.64,4111.79,4329.23,4617.44,4088.72,4621.03,4213.33,4243.59,4217.95,4301.03,4617.44,4370.77,0
4289.23,3967.69,4262.05,4095.38,4315.9,4614.87,4083.08,4625.13,4214.36,4238.46,4200,4288.21,4593.85,4359.49,0
4291.79,3977.95,4261.03,4108.72,4322.56,4627.69,4084.62,4629.23,4221.54,4247.69,4212.31,4286.67,4597.95,4362.05,0
4292.82,3987.18,4264.62,4107.69,4328.21,4625.64,4077.44,4622.05,4212.82,4242.56,4213.85,4294.36,4600,4366.67,0
4278.46,3975.9,4252.82,4101.03,4320.51,4613.85,4072.31,4613.33,4201.54,4241.54,4197.95,4278.97,4588.21,4349.23,0
4288.72,3989.23,4263.59,4117.44,4330.26,4629.23,4083.59,4625.64,4219.49,4241.54,4206.15,4291.79,4596.41,4364.62,0
4298.97,3990.26,4268.21,4120.51,4331.28,4629.74,4085.13,4625.13,4214.36,4235.9,4208.21,4293.33,4601.54,4372.82,0
4300.51,3992.82,4263.08,4122.05,4330.26,4627.18,4090.77,4621.03,4218.97,4249.74,4214.36,4290.77,4605.64,4373.33,0
4293.33,3986.67,4251.28,4099.49,4326.67,4619.49,4076.41,4618.46,4209.74,4249.74,4210.26,4285.13,4604.62,4372.31,0
4301.03,3997.95,4263.59,4104.62,4335.9,4630.26,4089.74,4620,4206.67,4243.08,4210.26,4291.28,4610.26,4372.31,0
4301.54,3989.23,4265.13,4108.72,4331.79,4628.72,4088.72,4616.92,4205.13,4231.28,4193.85,4280,4590.77,4366.67,0
4300.51,3993.33,4263.59,4106.67,4331.79,4622.05,4079.49,4610.77,4203.08,4229.23,4202.56,4285.13,4597.44,4380.51,0
4296.92,3998.97,4274.87,4115.9,4337.95,4630.26,4091.28,4628.72,4224.1,4250.77,4206.67,4283.59,4600,4379.49,0
4295.9,3997.44,4269.74,4115.9,4329.74,4628.21,4089.23,4624.62,4211.79,4247.18,4205.13,4289.23,4593.33,4380,0
4274.36,3985.13,4248.72,4104.62,4318.97,4606.67,4068.21,4611.79,4202.05,4226.15,4192.31,4275.38,4583.08,4355.38,0
4300,4001.03,4262.56,4117.95,4326.67,4615.38,4070.77,4610.26,4203.08,4242.56,4202.05,4282.05,4603.08,4370.26,0
4296.41,4003.59,4262.56,4126.15,4329.23,4618.46,4077.44,4601.54,4190.26,4235.9,4190.77,4283.08,4589.74,4369.74,0
4304.62,4022.56,4247.69,4132.31,4346.15,4629.23,4072.31,4601.54,4203.59,4235.9,4193.33,4285.64,4594.87,4381.03,0
4304.1,4014.87,4256.92,4128.72,4342.56,4628.72,4070.77,4605.64,4194.87,4233.33,4197.44,4282.56,4589.23,4372.31,0
4292.82,3998.97,4235.9,4104.1,4334.36,4620.51,4080.51,4602.05,4192.31,4228.72,4190.77,4273.33,4590.26,4364.1,0
4296.92,4006.67,4245.64,4106.67,4333.33,4627.18,4076.92,4598.46,4193.85,4234.36,4193.33,4273.33,4592.31,4366.67,0
4311.28,4013.33,4255.38,4119.49,4342.05,4637.95,4086.15,4619.49,4210.77,4243.08,4197.95,4286.15,4602.05,4382.05,0
4323.08,4028.72,4269.23,4128.72,4351.79,4624.1,4080.51,4611.28,4218.46,4261.54,4216.41,4291.79,4613.33,4391.79,0
4306.15,4012.31,4247.18,4107.69,4333.33,4625.64,4081.03,4608.21,4195.9,4235.9,4197.44,4281.54,4598.46,4376.41,0
4291.79,4010.77,4244.62,4109.23,4342.56,4632.82,4085.13,4599.49,4190.77,4232.31,4186.15,4269.74,4583.59,4362.05,0
4320.51,4025.64,4265.13,4135.38,4344.62,4635.38,4076.92,4584.62,4193.33,4242.05,4206.67,4285.64,4609.23,4385.64,0
4309.74,4016.41,4257.95,4120.51,4340,4629.23,4072.31,4594.36,4191.28,4238.46,4208.21,4290.77,4608.72,4375.38,0
4305.64,4022.05,4252.31,4124.1,4340,4632.31,4082.05,4595.9,4194.36,4242.05,4201.03,4281.03,4605.64,4375.9,0
4292.31,4006.15,4242.05,4121.03,4333.33,4621.03,4074.36,4603.08,4193.85,4234.36,4189.74,4273.85,4596.41,4368.72,0
4308.21,4016.41,4252.31,4137.44,4341.54,4632.82,4083.59,4611.79,4204.62,4244.1,4199.49,4282.05,4604.1,4372.82,0
4312.82,4012.82,4248.72,4126.15,4338.97,4628.72,4088.21,4610.77,4204.1,4244.1,4203.08,4280.51,4601.54,4382.56,0
4318.97,4022.56,4253.85,4127.18,4346.67,4632.31,4080.51,4609.23,4207.69,4255.38,4211.79,4291.79,4612.31,4388.21,0
4310.77,4013.85,4249.23,4123.59,4338.97,4628.21,4082.56,4597.95,4192.82,4242.56,4204.62,4287.18,4607.18,4390.26,0
4310.26,4012.82,4245.64,4124.1,4344.1,4626.67,4076.92,4602.05,4195.38,4241.54,4194.36,4284.62,4603.59,4382.56,0
4305.64,4015.9,4242.05,4121.54,4339.49,4630.26,4082.56,4600,4200,4258.97,4206.15,4286.15,4612.82,4391.28,0
4307.18,4014.87,4247.18,4132.82,4346.67,4623.59,4064.1,4592.82,4196.41,4247.18,4205.13,4280,4612.82,4376.92,0
4312.31,4022.56,4250.77,4140.51,4344.1,4620.51,4068.72,4591.28,4191.79,4243.59,4206.67,4287.69,4612.31,4379.49,0
4309.23,4007.69,4251.79,4130.26,4345.13,4625.13,4080,4596.41,4185.13,4240,4196.92,4288.72,4601.03,4378.97,0
4403.59,4079.49,4278.97,4166.67,4343.59,4620.51,4078.97,4591.28,4179.49,4234.87,4215.38,4300.51,4634.87,4455.9,0
4451.28,4114.87,4294.36,4183.08,4340.51,4614.36,4077.95,4594.87,4190.26,4242.05,4224.1,4311.28,4650.26,4484.1,0
4431.79,4090.77,4283.59,4173.33,4343.59,4614.87,4080,4595.38,4195.9,4250.26,4234.36,4309.74,4658.97,4483.59,0
4428.21,4069.74,4287.18,4171.28,4345.64,4610.77,4073.85,4597.95,4194.36,4237.44,4226.15,4314.36,4649.74,4475.38,0
4415.38,4058.97,4277.95,4167.18,4344.62,4602.56,4055.38,4588.72,4200,4253.85,4233.33,4295.9,4663.59,4471.79,1
4404.62,4028.72,4266.15,4138.46,4358.97,4608.21,4074.87,4602.56,4206.15,4259.49,4242.05,4300,4671.79,4469.23,1
4406.15,4015.38,4276.41,4133.85,4360.51,4598.97,4073.85,4592.82,4196.92,4251.28,4246.15,4309.74,4676.41,4480.51,1
4394.87,4010.26,4276.41,4131.28,4358.97,4608.21,4082.56,4608.72,4204.62,4260,4241.03,4302.05,4664.1,4457.95,1
4388.21,4008.21,4264.1,4126.67,4359.49,4614.36,4077.44,4594.36,4188.21,4246.67,4228.72,4296.41,4654.87,4450.77,1
4381.54,4005.64,4266.15,4128.21,4357.95,4607.69,4077.44,4593.33,4191.79,4238.97,4218.46,4294.36,4634.87,4431.28,1
4366.15,3992.82,4263.59,4124.1,4356.41,4605.64,4066.15,4604.62,4197.44,4249.74,4225.64,4290.77,4644.1,4430.77,1
4368.21,3989.23,4266.67,4124.1,4345.64,4608.72,4069.23,4587.69,4174.87,4235.38,4207.18,4286.67,4622.05,4416.92,1
4361.03,3988.72,4265.64,4125.13,4349.74,4605.64,4067.18,4589.74,4187.69,4237.95,4214.36,4292.82,4627.18,4417.95,1
4332.82,3964.62,4254.36,4113.33,4338.97,4600,4065.64,4591.28,4181.54,4228.72,4196.92,4282.56,4610.26,4392.31,1
4338.46,3973.33,4255.9,4115.9,4342.05,4600.51,4066.15,4586.15,4176.41,4223.59,4195.38,4283.08,4601.54,4388.72,1
4334.36,3970.77,4262.05,4120,4336.41,4600,4064.1,4592.82,4177.44,4218.97,4188.72,4280.51,4586.15,4381.54,1
4332.31,3980.51,4246.15,4113.33,4345.64,4603.59,4069.23,4612.82,4193.33,4227.69,4190.26,4276.41,4583.59,4368.21,1
4345.64,3996.92,4260.51,4123.08,4359.49,4619.49,4080,4614.87,4203.59,4245.13,4213.85,4290.26,4610.77,4385.64,1
4317.44,3968.72,4260.51,4101.54,4341.54,4600.51,4071.28,4607.69,4191.28,4231.28,4199.49,4282.05,4592.31,4372.82,1
4295.9,3954.36,4245.64,4089.23,4335.38,4606.15,4076.92,4602.56,4193.85,4227.69,4183.08,4267.69,4577.44,4343.59,1
4289.23,3957.44,4230.77,4089.23,4329.23,4604.1,4076.41,4613.85,4198.46,4239.49,4197.95,4266.67,4587.69,4342.56,1
4292.82,3957.95,4241.03,4092.82,4334.36,4602.05,4071.79,4600.51,4186.67,4231.28,4190.26,4267.18,4590.77,4350.77,1
4289.23,3959.49,4248.21,4101.54,4339.49,4608.21,4070.77,4593.33,4183.59,4226.67,4193.85,4269.23,4590.26,4344.1,1
4272.82,3951.28,4232.82,4091.79,4328.21,4602.05,4055.38,4592.31,4178.97,4218.46,4184.62,4253.85,4585.64,4338.46,1
4282.05,3967.18,4237.44,4097.44,4336.92,4605.64,4072.31,4606.15,4188.72,4228.21,4196.41,4263.59,4589.23,4341.54,1
4286.15,3977.44,4258.46,4111.79,4338.46,4607.18,4071.28,4610.77,4193.33,4228.21,4197.95,4274.87,4603.59,4346.67,1
4285.13,3981.54,4247.69,4110.26,4341.54,4616.92,4078.97,4616.41,4207.18,4240,4195.38,4268.72,4605.64,4346.67,1
4278.97,3969.74,4242.56,4102.05,4337.95,4613.85,4075.38,4612.31,4188.21,4224.62,4189.23,4262.56,4595.38,4336.41,1
4260.51,3966.15,4231.28,4083.59,4327.18,4598.97,4058.46,4595.38,4180.51,4222.05,4189.23,4256.92,4598.97,4329.74,1
4259.49,3961.54,4242.05,4090.26,4334.87,4618.97,4085.64,4618.46,4199.49,4227.69,4193.33,4264.1,4598.46,4336.92,1
4266.15,3971.79,4245.64,4095.38,4329.74,4610.77,4059.49,4609.74,4193.85,4226.15,4195.38,4274.36,4596.92,4349.23,1
4262.56,3959.49,4233.33,4090.77,4332.82,4615.38,4072.31,4607.18,4194.87,4223.59,4182.56,4256.92,4589.23,4336.92,1
4268.21,3979.49,4253.33,4100.51,4332.31,4601.54,4062.05,4591.79,4188.21,4221.54,4193.33,4269.74,4600,4347.69,1
4259.49,3974.36,4234.36,4092.82,4336.41,4604.62,4065.64,4597.95,4191.28,4223.08,4189.23,4262.56,4600.51,4338.97,1
4253.85,3980.51,4233.33,4095.38,4339.49,4606.67,4065.13,4591.28,4180,4211.79,4178.97,4256.41,4592.31,4324.62,1
4272.82,3999.49,4249.74,4113.33,4346.15,4607.18,4070.26,4603.59,4183.59,4227.69,4197.44,4281.03,4622.56,4345.64,1
4291.79,3998.97,4260,4115.9,4337.44,4613.33,4071.28,4616.41,4206.67,4236.41,4204.62,4284.1,4629.74,4365.13,1
4276.92,3990.77,4253.33,4109.23,4337.44,4607.18,4069.74,4591.79,4177.95,4212.31,4188.72,4270.77,4617.95,4356.41,1
4288.21,3992.82,4261.03,4108.72,4338.46,4608.21,4068.21,4604.1,4189.74,4220.51,4192.31,4281.54,4623.59,4356.92,1
4281.03,3987.18,4248.72,4095.38,4340,4613.85,4069.74,4600.51,4198.46,4217.44,4190.26,4273.85,4615.9,4345.64,1
4270.77,3986.67,4239.49,4081.54,4336.92,4614.36,4067.18,4607.18,4185.64,4212.31,4191.79,4264.1,4610.77,4334.87,1
4280,4003.08,4246.67,4098.97,4341.54,4612.82,4049.23,4596.92,4184.1,4216.92,4197.44,4270.77,4618.46,4338.97,1
4269.74,3994.87,4249.74,4090.26,4342.56,4612.31,4048.21,4597.44,4177.95,4205.13,4186.15,4265.13,4609.23,4331.28,1
4273.33,4003.59,4249.74,4093.33,4342.56,4613.33,4055.9,4590.26,4182.05,4219.49,4191.28,4270.77,4613.85,4329.74,1
4277.44,4004.1,4249.23,4102.05,4346.67,4617.44,4052.31,4597.95,4188.72,4220.51,4195.9,4270.26,4616.92,4338.97,1
4278.97,4007.69,4262.05,4110.26,4338.97,4605.13,4053.33,4603.59,4188.21,4225.64,4194.36,4268.72,4616.41,4337.44,1
4267.18,3998.46,4262.56,4106.15,4329.23,4619.49,4065.13,4609.74,4186.67,4218.97,4193.33,4274.36,4610.77,4324.62,1
4275.9,4007.18,4263.08,4107.18,4340,4618.46,4053.33,4604.62,4193.85,4225.13,4194.36,4274.87,4616.92,4335.38,1
4284.62,4014.36,4274.36,4122.05,4337.95,4614.87,4052.31,4611.79,4200.51,4237.95,4210.26,4291.28,4627.69,4342.56,1
4270.26,4021.03,4264.1,4122.56,4332.82,4614.87,4043.59,4596.41,4192.31,4221.54,4195.9,4271.79,4612.31,4329.74,1
4269.74,4021.54,4255.9,4123.08,4336.92,4616.92,4037.95,4599.49,4192.82,4224.62,4197.95,4270.26,4611.28,4327.69,1
4275.38,4015.9,4245.64,4105.13,4331.79,4616.41,4047.18,4601.54,4189.74,4226.15,4200.51,4264.1,4615.9,4330.77,1
4265.13,4015.38,4239.49,4104.1,4331.79,4617.44,4049.23,4595.38,4189.74,4218.97,4180.51,4253.85,4603.59,4320.51,1
4275.9,4021.54,4256.41,4116.92,4335.38,4616.41,4042.05,4594.87,4180,4220,4192.31,4260,4604.62,4336.41,1
4273.33,4022.05,4250.26,4116.41,4337.95,4628.21,4057.44,4614.87,4205.13,4225.13,4193.85,4263.59,4610.26,4335.9,1
4255.9,4010.26,4231.28,4098.46,4332.31,4618.46,4043.08,4597.95,4189.23,4224.1,4191.28,4251.28,4606.67,4323.08,1
4282.05,4027.18,4255.9,4120.51,4341.54,4616.41,4044.62,4601.03,4188.72,4227.69,4205.64,4268.21,4621.03,4337.95,1
4285.13,4026.15,4269.23,4118.97,4336.41,4616.41,4043.08,4609.23,4207.69,4235.38,4211.79,4283.08,4629.74,4348.72,1
4268.72,4022.56,4262.05,4120,4336.92,4619.49,4036.92,4597.95,4190.26,4213.85,4185.64,4263.59,4602.56,4330.26,1
4286.15,4032.82,4267.18,4139.49,4344.1,4617.44,4044.62,4608.72,4206.15,4235.38,4199.49,4269.74,4621.54,4344.62,1
4273.33,4024.1,4258.46,4134.36,4337.44,4614.36,4035.9,4597.95,4181.03,4218.97,4188.21,4262.05,4610.77,4334.36,1
4285.64,4026.67,4262.56,4135.9,4336.41,4612.82,4038.97,4601.54,4195.9,4221.54,4194.87,4274.36,4613.33,4347.18,1
4280,4028.72,4252.31,4122.05,4338.46,4615.9,4040,4600,4192.31,4220,4198.97,4266.15,4619.49,4345.64,1
4269.74,4017.95,4234.36,4105.13,4333.33,4612.31,4044.62,4598.97,4190.26,4210.26,4185.13,4251.79,4605.64,4335.38,1
4283.08,4021.54,4250.77,4115.38,4335.9,4616.41,4048.72,4612.31,4197.95,4224.1,4186.15,4254.36,4603.59,4334.87,1
4282.05,4024.62,4262.05,4118.97,4344.1,4624.62,4050.77,4607.69,4199.49,4231.79,4202.05,4268.72,4621.54,4344.1,1
4280.51,4020,4257.44,4112.82,4333.85,4616.92,4053.85,4610.77,4201.03,4229.23,4194.36,4266.67,4613.33,4343.59,1
4278.97,4014.87,4261.54,4111.79,4337.44,4617.95,4054.87,4611.79,4208.72,4227.18,4194.87,4268.72,4612.31,4341.54,1
4280.51,4010.77,4264.62,4112.31,4330.77,4609.23,4041.54,4603.59,4191.79,4223.59,4195.38,4267.18,4613.33,4342.05,1
4271.79,4006.67,4257.44,4121.03,4331.28,4604.1,4037.95,4587.18,4170.77,4198.97,4180,4260.51,4596.92,4333.33,1
4286.15,4017.44,4254.87,4109.74,4336.41,4608.72,4039.49,4597.95,4190.26,4218.97,4195.9,4270.26,4611.79,4344.1,1
4273.85,3999.49,4243.59,4094.36,4330.26,4607.69,4041.03,4598.46,4179.49,4213.85,4186.67,4254.87,4599.49,4325.64,1
4278.97,4003.59,4260,4113.33,4331.79,4606.67,4038.46,4584.62,4163.08,4200.51,4176.41,4256.92,4589.74,4324.62,1
4272.82,4001.03,4232.31,4104.1,4327.69,4611.28,4042.56,4606.15,4186.67,4222.56,4192.82,4255.9,4604.62,4334.36,1
4295.38,4014.87,4266.15,4121.54,4327.69,4606.15,4038.46,4599.49,4183.59,4224.1,4208.72,4280,4621.03,4356.92,1
4280,4002.05,4254.36,4110.26,4323.08,4612.31,4043.59,4601.03,4183.08,4215.38,4192.31,4269.74,4601.54,4338.97,1
4289.23,4014.36,4258.46,4122.56,4326.67,4603.59,4035.38,4584.1,4171.28,4214.87,4204.62,4272.31,4623.08,4356.92,1
4281.54,3998.97,4264.1,4121.03,4327.18,4606.15,4037.44,4580.51,4164.1,4195.38,4184.62,4268.72,4598.97,4344.62,1
4278.97,3999.49,4249.23,4113.85,4323.59,4612.31,4035.38,4590.26,4189.23,4213.85,4184.1,4258.97,4603.08,4339.49,1
4270.77,3987.18,4252.31,4113.85,4320,4611.28,4042.56,4594.36,4174.36,4199.49,4176.41,4255.38,4590.26,4326.15,1
4269.74,3990.77,4243.59,4112.82,4320,4614.36,4046.67,4603.59,4185.64,4205.64,4178.46,4261.03,4597.95,4324.1,1
4280,4003.59,4246.67,4126.15,4331.79,4617.44,4054.36,4612.31,4192.82,4220,4191.79,4263.59,4608.72,4326.67,1
4285.13,4000,4265.13,4132.82,4325.13,4615.9,4039.49,4601.54,4202.05,4213.33,4189.23,4273.85,4605.64,4335.38,1
4272.82,3998.46,4247.18,4136.41,4328.72,4610.26,4036.92,4601.03,4194.87,4226.67,4182.05,4258.46,4609.23,4325.13,1
4281.03,4001.54,4261.03,4141.03,4336.41,4622.05,4047.69,4608.72,4199.49,4228.72,4199.49,4273.85,4627.69,4338.97,1
4277.44,3991.79,4246.15,4119.49,4327.69,4622.05,4052.82,4605.64,4197.95,4215.38,4197.44,4270.77,4609.23,4334.36,1
4273.85,3995.38,4234.87,4107.18,4327.69,4609.74,4046.15,4597.95,4194.87,4225.13,4191.28,4256.92,4616.92,4333.33,1
4284.1,3992.82,4248.21,4108.21,4325.13,4598.97,4035.9,4590.26,4180,4208.21,4189.74,4275.9,4608.72,4340,1
4280.51,3991.28,4255.9,4110.26,4325.13,4604.62,4044.62,4579.49,4171.79,4203.08,4188.72,4278.97,4601.03,4337.44,1
4278.46,3962.56,4247.69,4103.59,4323.59,4614.36,4042.05,4607.18,4203.08,4222.56,4186.15,4269.74,4602.56,4332.31,1
4275.38,3973.85,4246.15,4109.23,4329.74,4612.82,4043.08,4614.36,4215.38,4221.54,4188.21,4270.26,4603.08,4337.95,1
4291.79,3991.28,4260.51,4121.54,4325.13,4615.38,4061.03,4601.54,4181.54,4197.95,4176.92,4265.13,4585.64,4345.13,1
4294.36,4002.05,4249.23,4125.64,4328.21,4608.21,4051.28,4599.49,4185.13,4212.82,4177.95,4258.97,4595.38,4346.15,1
4286.15,3984.62,4265.64,4117.95,4314.36,4598.97,4055.9,4600.51,4184.1,4197.44,4175.9,4274.87,4580,4343.59,1
4282.05,3995.38,4265.13,4113.33,4321.03,4605.13,4047.18,4586.15,4175.9,4197.95,4178.97,4270.77,4584.62,4345.64,1
4290.77,3992.82,4262.56,4124.62,4321.03,4604.1,4050.77,4593.85,4182.56,4197.95,4176.41,4266.15,4583.08,4342.05,1
4299.49,3993.85,4264.1,4116.41,4330.77,4599.49,4053.33,4592.82,4181.54,4206.67,4183.59,4277.95,4595.38,4349.74,1
4294.36,3995.9,4269.74,4112.31,4333.33,4599.49,4053.85,4600.51,4187.18,4216.92,4189.23,4278.46,4593.85,4349.23,1
4295.9,3993.33,4267.18,4121.54,4332.31,4604.1,4045.13,4586.67,4173.33,4202.05,4177.95,4271.28,4589.74,4344.62,1
4345.13,4049.74,4278.46,4140.51,4332.82,4606.67,4053.33,4587.69,4164.1,4197.95,4178.46,4282.56,4587.69,4377.95,1
4395.9,4090.77,4293.85,4156.41,4326.15,4600.51,4054.87,4580,4158.97,4178.97,4164.62,4287.69,4561.03,4408.72,1
4363.08,4068.72,4295.9,4153.85,4334.36,4601.03,4038.46,4583.59,4167.18,4188.72,4174.87,4285.64,4562.05,4386.15,1
4323.59,4038.97,4283.08,4141.54,4340,4613.33,4055.9,4600.51,4182.05,4190.26,4169.23,4280,4545.64,4352.31,1
4276.92,3994.87,4263.08,4116.41,4330.26,4608.72,4064.62,4596.92,4181.54,4184.62,4151.28,4262.05,4522.56,4313.33,1
4261.03,3985.64,4262.56,4109.23,4336.41,4616.41,4071.79,4596.41,4177.95,4192.82,4160,4268.21,4536.92,4311.79,1
4245.13,4047.18,4241.03,4134.36,4348.72,4612.31,4053.85,4585.13,4163.59,4160,4111.28,4228.21,4456.92,4263.59,0
4229.74,4024.1,4230.26,4122.05,4343.59,4613.85,4054.36,4588.21,4164.1,4162.05,4111.79,4227.69,4454.36,4247.69,0
4241.03,4031.28,4248.21,4137.44,4349.23,4615.38,4060,4601.03,4184.1,4187.69,4132.31,4248.72,4485.64,4268.21,0
4237.44,4026.67,4245.13,4133.33,4343.59,4617.44,4054.87,4600.51,4186.15,4183.59,4134.87,4245.13,4482.56,4278.97,0
4237.95,4020,4249.23,4129.23,4340,4617.95,4055.9,4608.21,4180.51,4177.95,4139.49,4245.13,4494.36,4279.49,0
4253.33,4024.1,4250.77,4140.51,4351.79,4624.62,4055.9,4595.9,4187.18,4188.21,4144.1,4256.41,4502.56,4285.13,0
4230.26,3997.44,4246.15,4131.28,4343.08,4623.59,4063.08,4605.64,4181.54,4183.08,4123.08,4235.38,4485.13,4269.23,0
4257.44,3962.56,4266.67,4121.03,4335.38,4621.54,4068.72,4620.51,4206.15,4226.67,4186.67,4278.46,4578.46,4311.28,0
4268.72,3958.97,4283.08,4126.67,4335.38,4621.03,4070.26,4612.82,4198.97,4225.13,4193.33,4287.69,4596.92,4331.79,0
4258.46,3963.08,4260.51,4121.54,4329.23,4627.18,4058.97,4609.74,4195.9,4210.77,4179.49,4279.49,4581.03,4291.28,0
4293.33,3969.74,4281.54,4133.85,4335.38,4630.77,4054.36,4613.85,4202.56,4237.44,4207.69,4289.74,4623.08,4350.77,0
4294.87,3968.72,4283.59,4137.95,4343.59,4632.31,4075.38,4627.18,4207.69,4233.33,4214.87,4303.08,4621.54,4347.18,0
4279.49,3956.41,4263.08,4116.92,4335.9,4636.92,4087.69,4639.49,4211.79,4233.33,4211.79,4294.36,4616.41,4343.08,0
4286.67,3962.05,4266.15,4107.69,4336.92,4637.95,4088.72,4641.03,4221.54,4246.15,4222.56,4295.9,4621.54,4353.85,0
4285.13,3975.38,4266.15,4115.9,4348.72,4633.33,4084.62,4641.03,4216.41,4248.72,4216.41,4287.69,4622.56,4353.85,0
4285.64,3976.41,4269.74,4110.26,4338.46,4624.1,4077.44,4623.59,4198.46,4230.77,4216.41,4293.33,4620,4360,0
4282.56,3974.36,4261.03,4106.15,4335.9,4622.56,4071.79,4618.46,4203.08,4236.92,4211.79,4285.13,4618.97,4357.44,0
4275.38,3964.1,4254.36,4097.95,4328.21,4611.79,4066.67,4610.26,4189.74,4226.67,4203.59,4274.87,4597.44,4338.97,0
4281.54,3978.46,4263.08,4108.21,4334.87,4623.59,4082.56,4631.79,4204.1,4232.82,4203.08,4285.13,4605.64,4345.13,0
4277.44,3969.74,4264.1,4100,4328.72,4616.41,4076.92,4629.74,4206.15,4222.56,4202.56,4287.69,4596.41,4346.67,0
4289.74,3991.79,4281.03,4123.08,4346.15,4626.15,4080,4650.26,4220,4245.64,4215.38,4289.74,4614.87,4354.36,0
4274.36,3986.15,4254.87,4114.87,4347.69,4630.26,4064.62,4621.54,4198.46,4222.56,4198.46,4268.72,4597.44,4333.85,0
4286.15,3985.64,4251.28,4108.21,4349.23,4624.1,4072.31,4630.26,4215.38,4246.67,4214.36,4283.08,4605.64,4345.13,0
4280,3983.08,4249.74,4105.13,4338.46,4615.38,4072.82,4633.85,4205.13,4236.41,4209.23,4278.46,4597.95,4344.1,0
4280.51,3984.62,4253.33,4104.1,4339.49,4618.46,4076.41,4629.23,4202.05,4230.26,4207.18,4279.49,4592.31,4344.62,0
4269.23,3983.59,4246.15,4096.92,4338.46,4622.05,4075.38,4638.46,4217.95,4245.13,4203.08,4268.72,4588.72,4332.82,0
4287.18,3990.26,4261.03,4107.69,4343.59,4622.56,4074.36,4635.9,4202.05,4231.79,4211.79,4288.72,4595.38,4355.38,0
4283.08,3991.28,4263.08,4104.1,4334.87,4608.21,4068.72,4625.13,4208.72,4237.44,4208.72,4281.54,4592.82,4357.95,0
4271.79,3990.26,4255.38,4110.77,4335.9,4615.9,4073.33,4626.15,4207.69,4228.21,4201.54,4284.1,4583.08,4348.21,0
4277.95,3973.85,4263.59,4106.15,4329.74,4615.9,4078.46,4635.38,4206.15,4223.59,4197.44,4285.13,4571.79,4342.05,0
4286.67,3995.38,4266.15,4121.54,4335.38,4627.18,4073.33,4626.67,4205.64,4230.26,4204.62,4287.18,4591.79,4354.87,0
4272.31,3983.59,4256.92,4112.31,4326.67,4611.79,4058.97,4614.87,4185.64,4216.92,4190.26,4277.95,4566.15,4341.03,0
4293.33,3995.9,4262.56,4113.33,4339.49,4626.67,4076.92,4645.13,4219.49,4243.59,4209.74,4283.59,4589.74,4365.64,0
4357.95,4037.95,4290.77,4136.92,4336.41,4615.38,4071.79,4626.15,4195.38,4229.23,4217.95,4303.08,4604.62,4415.9,0
4358.46,4058.46,4275.9,4137.44,4336.41,4615.38,4064.1,4614.87,4182.05,4221.54,4208.72,4288.21,4598.97,4407.69,0
4313.85,4018.97,4266.15,4117.44,4330.26,4615.38,4073.85,4613.85,4187.69,4215.9,4195.9,4283.59,4584.1,4375.38,0
4294.36,4011.79,4264.62,4111.79,4340,4621.54,4080,4631.79,4207.18,4221.03,4204.62,4287.18,4580.51,4367.69,0
4300,4021.03,4267.18,4125.13,4340.51,4617.95,4068.21,4613.85,4197.44,4228.72,4207.69,4289.23,4589.23,4364.1,0
4280,4002.05,4261.54,4121.54,4334.87,4613.33,4065.13,4601.54,4177.95,4211.28,4193.85,4278.97,4572.82,4349.74,0
4249.74,4004.1,4244.1,4107.69,4330.26,4615.9,4067.18,4611.28,4181.03,4200,4162.56,4248.21,4519.49,4312.31,0
4269.23,4016.41,4260.51,4121.54,4340.51,4617.95,4072.82,4623.08,4193.85,4218.97,4183.08,4270.26,4547.69,4328.21,0
4276.41,4025.13,4264.62,4126.15,4350.77,4625.13,4073.33,4623.59,4202.05,4222.56,4186.15,4279.49,4560.51,4346.15,0
4277.44,4026.67,4261.54,4121.54,4352.82,4629.23,4083.08,4626.67,4211.28,4231.79,4188.21,4277.44,4565.64,4342.05,0
4263.08,4006.15,4258.97,4104.1,4339.49,4624.1,4078.46,4618.46,4198.46,4227.18,4177.95,4266.15,4544.62,4317.95,0
4301.54,4001.03,4275.9,4102.05,4342.56,4627.69,4084.1,4627.69,4210.77,4251.79,4228.72,4299.49,4614.36,4375.9,0
4291.28,3999.49,4272.82,4100,4344.62,4631.28,4092.82,4639.49,4213.33,4250.26,4212.31,4293.33,4599.49,4354.36,0
4297.44,4002.05,4277.95,4102.05,4342.05,4616.92,4076.92,4630.26,4209.23,4256.41,4221.03,4295.38,4611.28,4364.62,0
4285.64,3993.33,4276.41,4100.51,4333.85,4618.46,4081.03,4610.77,4189.23,4235.9,4203.59,4294.36,4590.26,4360,0
4294.36,3992.31,4278.97,4106.67,4333.85,4616.41,4075.9,4614.87,4191.28,4222.56,4204.62,4293.33,4592.82,4364.62,0
4289.74,3995.9,4277.95,4107.18,4347.69,4634.87,4098.97,4639.49,4224.62,4249.23,4215.38,4297.95,4599.49,4355.38,0
4299.49,4011.79,4275.9,4112.31,4346.67,4633.85,4086.67,4633.33,4225.13,4253.85,4220.51,4291.79,4613.33,4357.44,0
4290.77,4007.69,4272.31,4106.67,4341.03,4621.54,4082.05,4626.67,4218.46,4243.08,4203.59,4290.77,4599.49,4353.33,0
4274.87,3987.69,4249.23,4086.15,4333.85,4620,4083.59,4613.33,4194.36,4227.18,4202.05,4271.28,4591.28,4340.51,0
4288.21,4000.51,4256.41,4090.26,4335.38,4627.18,4086.67,4628.72,4214.87,4246.67,4212.82,4280,4604.1,4349.23,0
4293.33,4000.51,4264.1,4087.18,4330.77,4616.92,4082.05,4613.85,4205.13,4240.51,4213.85,4285.13,4605.64,4357.44,0
4297.95,4010.26,4265.13,4098.46,4344.62,4628.21,4082.05,4615.38,4212.82,4248.72,4224.1,4287.18,4615.9,4369.74,0
4285.64,3997.44,4258.97,4091.79,4337.44,4617.44,4066.15,4608.21,4193.85,4225.64,4206.15,4271.79,4595.9,4354.87,0
4300.51,4006.15,4277.44,4107.18,4343.59,4625.64,4076.92,4611.79,4202.56,4244.62,4217.95,4288.72,4610.26,4367.69,0
4290.77,4003.08,4265.13,4098.97,4340.51,4616.92,4073.85,4612.82,4207.18,4242.56,4208.21,4275.38,4607.18,4364.62,0
4319.49,4025.13,4287.69,4123.59,4355.9,4625.13,4084.1,4616.92,4208.21,4255.9,4225.64,4305.13,4626.67,4389.74,0
4304.62,4013.33,4273.33,4114.36,4351.28,4616.92,4073.85,4614.87,4210.77,4243.59,4214.36,4283.59,4612.31,4368.21,0
4287.18,4008.21,4255.9,4110.26,4344.62,4626.15,4070.77,4617.44,4211.79,4240.51,4204.1,4274.87,4602.56,4356.92,0
4278.97,3988.72,4262.05,4107.69,4355.9,4633.33,4083.59,4615.38,4204.1,4244.1,4205.13,4282.56,4592.82,4355.9,0
4310.77,3994.87,4270.77,4099.49,4336.41,4633.85,4090.26,4638.97,4237.95,4277.95,4234.36,4309.23,4627.69,4388.72,0
4311.28,4005.64,4262.05,4095.9,4344.62,4629.74,4083.08,4616.41,4213.33,4249.23,4228.21,4296.92,4623.08,4380,0
