day,month,year,hour,minute,second,intensity,reactive,voltage,abnormal
16,12,2006,17,24,0,18.4,0.418,234.84,1
16,12,2006,17,25,0,23,0.436,233.63,1
16,12,2006,17,26,0,23,0.498,233.29,1
16,12,2006,17,27,0,23,0.502,233.74,1
16,12,2006,17,28,0,15.8,0.528,235.68,0
16,12,2006,17,29,0,15,0.522,235.02,0
16,12,2006,17,30,0,15.8,0.52,235.09,0
16,12,2006,17,31,0,15.8,0.52,235.22,0
16,12,2006,17,32,0,15.8,0.51,233.99,0
16,12,2006,17,33,0,15.8,0.51,233.86,0
16,12,2006,17,34,0,19.6,0.498,232.86,1
16,12,2006,17,35,0,23.2,0.47,232.78,1
16,12,2006,17,36,0,22.4,0.478,232.99,1
16,12,2006,17,37,0,22.6,0.398,232.91,1
16,12,2006,17,38,0,17.6,0.422,235.24,1
16,12,2006,17,39,0,14.2,0.282,237.14,0
16,12,2006,17,40,0,13.8,0.152,236.73,0
16,12,2006,17,41,0,14.4,0.156,237.06,0
16,12,2006,17,42,0,13.8,0,237.13,0
16,12,2006,17,43,0,16.4,0,235.84,1
16,12,2006,17,44,0,25.4,0,232.69,1
16,12,2006,17,45,0,33.2,0,230.98,1
16,12,2006,17,46,0,30.6,0,232.21,1
16,12,2006,17,47,0,22,0,234.19,1
16,12,2006,17,48,0,19.4,0,234.96,1
16,12,2006,17,49,0,13.6,0,236.66,0
16,12,2006,17,50,0,13.6,0,235.84,0
16,12,2006,17,51,0,13.6,0,235.6,0
16,12,2006,17,52,0,13.8,0,235.49,0
16,12,2006,17,53,0,13.4,0,235.28,0
16,12,2006,17,54,0,11.6,0,235.06,0
16,12,2006,17,55,0,16.4,0.076,234.17,1
16,12,2006,17,56,0,18.4,0.09,233.77,1
16,12,2006,17,57,0,19.2,0,233.62,1
16,12,2006,17,58,0,17.6,0.2,234.68,1
16,12,2006,17,59,0,10.4,0.058,236.94,0
16,12,2006,18,0,0,11.8,0.18,237.52,0
16,12,2006,18,1,0,11,0.144,238.2,0
16,12,2006,18,2,0,11.6,0.118,238.28,0
16,12,2006,18,3,0,16.4,0.108,236.93,1
16,12,2006,18,4,0,21,0.202,235.01,1
16,12,2006,18,5,0,26.2,0.192,232.93,1
16,12,2006,18,6,0,29,0.186,232.12,1
16,12,2006,18,7,0,27.8,0.144,231.85,1
16,12,2006,18,8,0,27,0.116,232.25,1
16,12,2006,18,9,0,19,0.136,234.66,1
16,12,2006,18,10,0,15,0.148,236.2,0
16,12,2006,18,11,0,13.8,0.152,237.07,0
16,12,2006,18,12,0,16.4,0.144,235.78,1
16,12,2006,18,13,0,9.6,0.16,237.43,0
16,12,2006,18,14,0,10,0.158,237.26,0
16,12,2006,18,15,0,21.4,0.1,234.25,1
16,12,2006,18,16,0,19.6,0.076,234.2,1
16,12,2006,18,17,0,17.8,0.082,234.31,1
16,12,2006,18,18,0,19.2,0,233.29,1
16,12,2006,18,19,0,12,0,235.61,0
16,12,2006,18,20,0,12.4,0,235.25,0
16,12,2006,18,21,0,12.4,0,236.04,0
16,12,2006,18,22,0,12.4,0,235.51,0
16,12,2006,18,23,0,12.4,0,235.68,0
16,12,2006,18,24,0,15.2,0,235.2,0
16,12,2006,18,25,0,20.8,0,233.74,1
16,12,2006,18,26,0,20.8,0,233.84,1
16,12,2006,18,27,0,20.8,0,233.79,1
16,12,2006,18,28,0,13.8,0,235.5,0
16,12,2006,18,29,0,12.4,0,235.84,0
16,12,2006,18,30,0,12.4,0,236.15,0
16,12,2006,18,31,0,12.4,0.05,235.81,0
16,12,2006,18,32,0,11,0.052,235.41,0
16,12,2006,18,33,0,11.6,0.162,234.82,0
16,12,2006,18,34,0,15.6,0.086,233.76,0
16,12,2006,18,35,0,26.4,0,232.48,1
16,12,2006,18,36,0,19.4,0,233.54,1
16,12,2006,18,37,0,18.8,0,232.32,1
16,12,2006,18,38,0,13,0.048,234.02,0
16,12,2006,18,39,0,9.8,0.054,234.76,0
16,12,2006,18,40,0,9.6,0.054,234.67,0
16,12,2006,18,41,0,9.6,0.054,235.27,0
16,12,2006,18,42,0,9.6,0.054,235.12,0
16,12,2006,18,43,0,9.2,0.068,235.8,0
16,12,2006,18,44,0,13.2,0.166,234.81,0
16,12,2006,18,45,0,17.8,0.174,234.38,1
16,12,2006,18,46,0,17.8,0.186,234.2,1
16,12,2006,18,47,0,18,0.178,233.98,1
16,12,2006,18,48,0,12,0.188,234.99,0
16,12,2006,18,49,0,10.8,0.088,234.67,0
16,12,2006,18,50,0,10.6,0.08,233.92,0
16,12,2006,18,51,0,1,0.07,233.51,0
16,12,2006,18,52,0,9.8,0,233.44,0
16,12,2006,18,53,0,10.6,0,233.64,0
16,12,2006,18,54,0,18.4,0,232.39,1
16,12,2006,18,55,0,18.2,0.09,232.25,1
16,12,2006,18,56,0,18.2,0.09,232.32,1
16,12,2006,18,57,0,17,0.084,232.79,1
16,12,2006,18,58,0,18,0.09,232.09,1
16,12,2006,18,59,0,18.2,0.09,231.96,1
16,12,2006,19,0,0,17.4,0.088,231.99,1
16,12,2006,19,1,0,15.6,0.09,232.36,0
16,12,2006,19,2,0,14.8,0.09,232.71,0
16,12,2006,19,3,0,14.8,0.09,232.01,0
16,12,2006,19,4,0,14.4,0,232.78,0
16,12,2006,19,5,0,14.6,0.082,233.08,0
16,12,2006,19,6,0,14.4,0.074,233.69,0
16,12,2006,19,7,0,15.4,0.106,234.44,0
16,12,2006,19,8,0,14.8,0.092,234.6,0
16,12,2006,19,9,0,14.4,0.064,235.12,0
16,12,2006,19,11,0,14.4,0,234.19,0
16,12,2006,19,12,0,14.6,0,234.69,0
16,12,2006,19,13,0,14.6,0,234.26,0
16,12,2006,19,14,0,14.4,0,233.3,0
16,12,2006,19,15,0,14.4,0,233.43,0
16,12,2006,19,16,0,14.4,0,233.45,0
16,12,2006,19,17,0,14.4,0,233.91,0
16,12,2006,19,18,0,14.6,0,234.43,0
16,12,2006,19,19,0,14.4,0,234.34,0
16,12,2006,19,20,0,14.6,0.052,234.58,0
16,12,2006,19,21,0,14.2,0,234.02,0
16,12,2006,19,22,0,14,0.046,234.29,0
16,12,2006,19,23,0,14.2,0,234.36,0
16,12,2006,19,24,0,14,0.052,232.64,0
16,12,2006,19,25,0,14.8,0.064,232.96,0
16,12,2006,19,26,0,15.4,0.09,233.47,0
16,12,2006,19,27,0,15.2,0.084,234.98,0
16,12,2006,19,28,0,15.4,0.138,234.34,0
16,12,2006,19,29,0,15.4,0.192,233.92,0
16,12,2006,19,30,0,14.4,0.162,233.94,0
16,12,2006,19,31,0,14.4,0.134,233.72,0
16,12,2006,19,32,0,14.4,0.132,233.2,0
16,12,2006,19,33,0,14.4,0.132,233.1,0
16,12,2006,19,34,0,14.4,0.12,232.29,0
16,12,2006,19,35,0,14,0,232.45,0
16,12,2006,19,36,0,14,0,231.97,0
16,12,2006,19,37,0,14.4,0.13,232.42,0
16,12,2006,19,38,0,14.6,0.16,233.38,0
16,12,2006,19,39,0,14.6,0.158,232.69,0
16,12,2006,19,40,0,14.6,0.158,233.2,0
16,12,2006,19,41,0,14.6,0.158,233.26,0
16,12,2006,19,42,0,14.4,0.156,232.84,0
16,12,2006,19,43,0,14.4,0.154,232.39,0
16,12,2006,19,44,0,14.4,0.154,232.14,0
16,12,2006,19,45,0,14.4,0.152,231.57,0
16,12,2006,19,46,0,14.4,0.152,231.66,0
16,12,2006,19,47,0,14.4,0.154,232.22,0
16,12,2006,19,48,0,14.4,0.156,232.81,0
16,12,2006,19,49,0,14.4,0.16,233.77,0
16,12,2006,19,50,0,14.4,0.156,232.82,0
16,12,2006,19,51,0,14.4,0.158,233.22,0
16,12,2006,19,52,0,14.4,0.156,232.84,0
16,12,2006,19,53,0,13.8,0,232.75,0
16,12,2006,19,54,0,13.8,0.078,232.64,0
16,12,2006,19,55,0,13.8,0.078,232.2,0
16,12,2006,19,56,0,13.8,0.078,232.2,0
16,12,2006,19,57,0,13.8,0.078,232.58,0
16,12,2006,19,58,0,13.8,0.078,232.4,0
16,12,2006,19,59,0,13.8,0.078,232.66,0
16,12,2006,20,0,0,13.8,0.078,232.43,0
16,12,2006,20,1,0,13.8,0.078,233.02,0
16,12,2006,20,2,0,13.8,0.076,232.8,0
16,12,2006,20,3,0,13.8,0.078,232.79,0
16,12,2006,20,4,0,13.6,0.078,231.98,0
16,12,2006,20,5,0,14,0,232.88,0
16,12,2006,20,6,0,14,0,232.52,0
16,12,2006,20,7,0,14,0,232.87,0
16,12,2006,20,8,0,14,0,233.78,0
16,12,2006,20,9,0,14.4,0.08,233.69,0
16,12,2006,20,10,0,14.6,0.144,234.04,0
16,12,2006,20,11,0,14.6,0.142,233.93,0
16,12,2006,20,12,0,14.4,0.14,233.62,0
16,12,2006,20,13,0,14.4,0.14,233.64,0
16,12,2006,20,14,0,14.4,0.14,233.26,0
16,12,2006,20,15,0,14.4,0.086,233.9,0
16,12,2006,20,16,0,14.2,0,233.68,0
16,12,2006,20,17,0,14.2,0,232.83,0
16,12,2006,20,18,0,14.2,0,233,0
16,12,2006,20,19,0,14.2,0,233.08,0
16,12,2006,20,20,0,14.2,0,232.69,0
16,12,2006,20,21,0,14,0,232.91,0
16,12,2006,20,23,0,14,0,232.42,0
16,12,2006,20,24,0,14,0,232.31,0
16,12,2006,20,25,0,13.8,0.052,232.79,0
16,12,2006,20,26,0,13.8,0.078,233.05,0
16,12,2006,20,27,0,13.8,0.076,234.57,0
16,12,2006,20,28,0,13.8,0.076,234.79,0
16,12,2006,20,29,0,13.8,0.076,234.6,0
16,12,2006,20,30,0,13.8,0.076,234.54,0
16,12,2006,20,31,0,13.8,0.076,234.6,0
16,12,2006,20,32,0,13.8,0.076,233.77,0
16,12,2006,20,33,0,13.8,0.078,233.5,0
16,12,2006,20,34,0,13.8,0.078,233.27,0
16,12,2006,20,35,0,13.8,0.078,233.37,0
16,12,2006,20,36,0,13.6,0.078,232.64,0
16,12,2006,20,37,0,13.6,0.08,231.95,0
16,12,2006,20,38,0,13.6,0.08,232.21,0
16,12,2006,20,39,0,13.6,0.078,232.5,0
16,12,2006,20,40,0,13.8,0.078,233.63,0
16,12,2006,20,41,0,13.8,0.074,234.43,0
16,12,2006,20,42,0,14.4,0.05,234.63,0
16,12,2006,20,43,0,14.2,0.048,235.05,0
16,12,2006,20,44,0,14.2,0.048,234.96,0
16,12,2006,20,45,0,14.2,0.05,235.77,0
16,12,2006,20,46,0,14.8,0.146,236.76,0
16,12,2006,20,47,0,14.6,0.146,234.59,0
16,12,2006,20,48,0,14.6,0.148,235.13,0
16,12,2006,20,49,0,14.6,0.146,235.14,0
16,12,2006,20,50,0,14.6,0.15,235.75,0
16,12,2006,20,51,0,14.6,0.15,235.69,0
16,12,2006,20,52,0,14.6,0.154,236.86,0
16,12,2006,20,53,0,14.6,0.152,236.72,0
16,12,2006,20,54,0,14.6,0.15,236.05,0
16,12,2006,20,55,0,8.4,0.17,237.54,0
16,12,2006,20,56,0,9.4,0.102,237.44,0
16,12,2006,20,57,0,14,0,237,0
16,12,2006,20,58,0,13.8,0.074,235.55,0
16,12,2006,20,59,0,14,0.074,236.51,0
16,12,2006,21,0,0,14,0.072,236.76,0
16,12,2006,21,1,0,13.8,0.072,237.11,0
16,12,2006,21,2,0,7.8,0.054,238.72,0
16,12,2006,21,3,0,14,0.07,237.66,0
16,12,2006,21,4,0,14,0.07,238.2,0
16,12,2006,21,5,0,14,0.072,237.46,0
16,12,2006,21,6,0,14,0.072,237.36,0
16,12,2006,21,7,0,12,0.064,238.13,0
16,12,2006,21,8,0,1,0.06,237.74,0
16,12,2006,21,9,0,14,0.07,237.26,0
16,12,2006,21,10,0,14,0.07,237.69,0
16,12,2006,21,11,0,14,0.072,236.44,0
16,12,2006,21,12,0,13.2,0.072,236.23,0
16,12,2006,21,13,0,8.2,0.058,237.7,0
16,12,2006,21,14,0,14.2,0,235.73,0
16,12,2006,21,15,0,14.4,0.052,236.51,0
16,12,2006,21,16,0,14.4,0.054,237.11,0
16,12,2006,21,17,0,14.4,0.054,237.06,0
16,12,2006,21,18,0,8.6,0.074,238.63,0
16,12,2006,21,19,0,14.4,0.056,237.58,0
16,12,2006,21,20,0,14.4,0.054,236.87,0
16,12,2006,21,21,0,14.4,0.056,236.94,0
16,12,2006,21,22,0,11.4,0.068,238.17,0
16,12,2006,21,23,0,12.4,0.062,237.42,0
16,12,2006,21,24,0,14.4,0.054,236.91,0
16,12,2006,21,25,0,14.2,0.052,236.24,0
16,12,2006,21,26,0,12.6,0.06,237.17,0
16,12,2006,21,27,0,8.4,0.112,238.59,0
16,12,2006,21,28,0,14.6,0.144,237.43,0
16,12,2006,21,29,0,14.2,0,237.73,0
16,12,2006,21,30,0,13.8,0,237.2,0
16,12,2006,21,31,0,9,0,238.41,0
16,12,2006,21,32,0,14.2,0,236.6,0
16,12,2006,21,33,0,14.2,0,236.12,0
16,12,2006,21,34,0,14.2,0,236.54,0
16,12,2006,21,35,0,8.6,0,238.48,0
16,12,2006,21,36,0,13.6,0,237.27,0
16,12,2006,21,37,0,14,0,237.06,0
16,12,2006,21,38,0,14,0.072,236.49,0
16,12,2006,21,39,0,13.8,0.072,236.28,0
16,12,2006,21,40,0,10.8,0.064,236.89,0
16,12,2006,21,41,0,11.8,0.046,236.64,0
16,12,2006,21,42,0,14.2,0,236.58,0
16,12,2006,21,43,0,14.2,0,236.83,0
16,12,2006,21,44,0,14.4,0.046,237.75,0
16,12,2006,21,45,0,8.4,0.066,239.69,0
16,12,2006,21,46,0,13.8,0.082,238.95,0
16,12,2006,21,47,0,14.8,0.172,236.46,0
16,12,2006,21,48,0,14.6,0.17,235.98,0
16,12,2006,21,49,0,14.6,0.168,235.85,0
16,12,2006,21,50,0,7.6,0.194,238.19,0
16,12,2006,21,51,0,14.8,0.17,236.28,0
16,12,2006,21,52,0,14.6,0.17,236.4,0
16,12,2006,21,53,0,14.6,0.17,236.46,0
16,12,2006,21,54,0,14.6,0.168,236.28,0
16,12,2006,21,55,0,10.6,0.184,237.33,0
16,12,2006,21,56,0,12.8,0.178,237.09,0
16,12,2006,21,57,0,14.6,0.17,236.39,0
16,12,2006,21,58,0,14.6,0.17,236.75,0
16,12,2006,21,59,0,14.6,0.168,235.73,0
16,12,2006,22,0,0,14.6,0.17,236.03,0
16,12,2006,22,1,0,8.2,0.096,237.68,0
16,12,2006,22,2,0,13.6,0,235.99,0
16,12,2006,22,3,0,14.2,0,236.26,0
16,12,2006,22,4,0,14.2,0,236.03,0
16,12,2006,22,5,0,14.2,0,235.7,0
16,12,2006,22,6,0,13.4,0,236.08,0
16,12,2006,22,7,0,7.4,0.056,237.31,0
16,12,2006,22,8,0,14.2,0,236.14,0
16,12,2006,22,9,0,14.2,0,236.61,0
16,12,2006,22,10,0,14.2,0,236.93,0
16,12,2006,22,11,0,12.4,0,237.97,0
16,12,2006,22,12,0,1,0,238.02,0
16,12,2006,22,13,0,14.2,0,236.06,0
16,12,2006,22,14,0,14,0,234.45,0
16,12,2006,22,15,0,12,0,235.31,0
16,12,2006,22,16,0,9.8,0,237.1,0
16,12,2006,22,17,0,5.6,0.054,238.68,0
16,12,2006,22,18,0,7.8,0,238.76,0
16,12,2006,22,19,0,9.8,0,238.59,0
16,12,2006,22,20,0,1,0.068,238.87,0
16,12,2006,22,21,0,9.2,0.072,238.97,0
16,12,2006,22,22,0,4.6,0.09,239.93,0
16,12,2006,22,23,0,1,0.068,239.05,0
16,12,2006,22,24,0,1,0.066,238.46,0
16,12,2006,22,25,0,1,0.07,239.68,0
16,12,2006,22,26,0,7.6,0.084,240.72,0
16,12,2006,22,27,0,7.2,0.086,240.87,0
16,12,2006,22,28,0,1,0.07,239.71,0
16,12,2006,22,29,0,1,0.072,239.89,0
16,12,2006,22,30,0,1,0.07,239.48,0
16,12,2006,22,31,0,1.6,0.1,241.64,0
16,12,2006,22,32,0,9.6,0.074,240.07,0
16,12,2006,22,33,0,1,0.07,239.77,0
16,12,2006,22,34,0,9.6,0.052,240.05,0
16,12,2006,22,35,0,8.6,0.054,239.75,0
16,12,2006,22,36,0,2.4,0,240.58,0
16,12,2006,22,37,0,9.6,0.06,239.2,0
16,12,2006,22,38,0,9.6,0.06,238.84,0
16,12,2006,22,39,0,9.6,0.062,238.39,0
16,12,2006,22,40,0,9.6,0.064,238.39,0
16,12,2006,22,41,0,2.8,0,241.06,0
16,12,2006,22,42,0,7.8,0.05,240.89,0
16,12,2006,22,43,0,9.6,0.062,239.46,0
16,12,2006,22,44,0,9.6,0.062,239.27,0
16,12,2006,22,45,0,9.6,0.06,239.57,0
16,12,2006,22,46,0,8.4,0.054,239.99,0
16,12,2006,22,47,0,1.2,0,242.04,0
16,12,2006,22,48,0,9.8,0.06,239.89,0
16,12,2006,22,49,0,1,0,239.91,0
16,12,2006,22,50,0,1,0,240.02,0
16,12,2006,22,51,0,1,0,239.97,0
16,12,2006,22,52,0,4.4,0.086,241.27,0
16,12,2006,22,53,0,7.4,0.178,238.64,0
16,12,2006,22,54,0,10.4,0.162,237.47,0
16,12,2006,22,55,0,10.4,0.164,238.05,0
16,12,2006,22,56,0,10.4,0.168,239.03,0
16,12,2006,22,57,0,8.6,0.182,240.28,0
16,12,2006,22,58,0,4,0.2,241.36,0
16,12,2006,22,59,0,10.2,0.094,239.42,0
16,12,2006,23,0,0,1,0.068,238.9,0
16,12,2006,23,1,0,1,0.07,239.13,0
16,12,2006,23,2,0,9.4,0.072,239.37,0
16,12,2006,23,3,0,1.6,0.1,241.58,0
16,12,2006,23,4,0,9.2,0.076,240.11,0
16,12,2006,23,5,0,1,0.068,238.73,0
16,12,2006,23,6,0,1,0.07,239.52,0
16,12,2006,23,7,0,9.6,0,239.74,0
16,12,2006,23,8,0,6.8,0.046,240.96,0
16,12,2006,23,9,0,5.2,0,241.64,0
16,12,2006,23,10,0,9.6,0.06,240.05,0
16,12,2006,23,11,0,9.6,0.06,240.07,0
16,12,2006,23,12,0,9.6,0.06,239.99,0
16,12,2006,23,13,0,9.6,0.06,239.74,0
16,12,2006,23,14,0,6,0,241.17,0
16,12,2006,23,15,0,2.4,0,242.39,0
16,12,2006,23,16,0,9.6,0.06,240.41,0
16,12,2006,23,17,0,9.6,0.06,240.5,0
16,12,2006,23,18,0,9.6,0.06,240.55,0
16,12,2006,23,19,0,8.4,0.052,240.97,0
16,12,2006,23,20,0,6.6,0.046,241.58,0
16,12,2006,23,21,0,9.6,0.06,240.21,0
16,12,2006,23,22,0,9.6,0.06,239.98,0
16,12,2006,23,23,0,8,0.052,240.65,0
16,12,2006,23,24,0,6.6,0,241.68,0
16,12,2006,23,25,0,9.6,0.058,240.7,0
16,12,2006,23,26,0,9.8,0,240.7,0
16,12,2006,23,27,0,10.2,0.072,240.11,0
16,12,2006,23,28,0,2,0.098,241.71,0
16,12,2006,23,29,0,1,0.072,240.13,0
16,12,2006,23,30,0,10.4,0.136,240.24,0
16,12,2006,23,31,0,10.4,0.176,240.53,0
16,12,2006,23,32,0,7.6,0.19,241.36,0
16,12,2006,23,33,0,7.6,0.188,241.02,0
16,12,2006,23,34,0,10.4,0.174,240.06,0
16,12,2006,23,35,0,10.4,0.174,240.09,0
16,12,2006,23,36,0,10.4,0.172,239.49,0
16,12,2006,23,37,0,4.8,0.204,242.16,0
16,12,2006,23,38,0,9.8,0.18,240.95,0
16,12,2006,23,39,0,10.4,0.182,241.74,0
16,12,2006,23,40,0,9.8,0,241.18,0
16,12,2006,23,41,0,2.4,0,243.73,0
16,12,2006,23,42,0,9.8,0.058,241.48,0
16,12,2006,23,43,0,9.6,0.058,241.13,0
16,12,2006,23,44,0,9.6,0.058,240.96,0
16,12,2006,23,45,0,2.4,0,242.94,0
16,12,2006,23,46,0,11,0.062,240.74,0
16,12,2006,23,47,0,10.4,0.06,241.23,0
16,12,2006,23,48,0,10.8,0.058,241.79,0
16,12,2006,23,49,0,5.4,0,241.83,0
16,12,2006,23,50,0,16.6,0.148,238.71,1
16,12,2006,23,51,0,17.6,0.14,237.99,1
16,12,2006,23,52,0,14.8,0,238.89,0
16,12,2006,23,53,0,9.2,0.05,240.26,0
16,12,2006,23,54,0,2.4,0,240.88,0
16,12,2006,23,55,0,6.8,0,240.69,0
16,12,2006,23,56,0,11.4,0.06,239.43,0
16,12,2006,23,57,0,11.4,0.062,239.81,0
16,12,2006,23,58,0,11.4,0.066,241.27,0
16,12,2006,23,59,0,11,0.07,241.63,0
17,12,2006,0,0,0,4.4,0.152,242.73,0
17,12,2006,0,1,0,7.4,0.22,242.2,0
17,12,2006,0,2,0,12.6,0.194,240.14,0
17,12,2006,0,3,0,12.4,0.194,239.97,0
17,12,2006,0,4,0,11.8,0.198,240.39,0
17,12,2006,0,5,0,11.8,0.198,240.59,0
17,12,2006,0,6,0,11.8,0.202,241.14,0
17,12,2006,0,7,0,10.8,0.208,241.62,0
17,12,2006,0,8,0,3,0.244,243.75,0
17,12,2006,0,9,0,4.8,0.334,242.09,0
17,12,2006,0,10,0,10.8,0.298,239.45,0
17,12,2006,0,11,0,10.8,0.296,239.44,0
17,12,2006,0,12,0,10.8,0.286,238.71,0
17,12,2006,0,13,0,10.6,0.278,236.95,0
17,12,2006,0,14,0,10.4,0.194,237.55,0
17,12,2006,0,15,0,8,0.166,238.48,0
17,12,2006,0,16,0,1.8,0.184,239.79,0
17,12,2006,0,17,0,4.6,0.178,239.47,0
17,12,2006,0,18,0,10.2,0.12,238.51,0
17,12,2006,0,19,0,1,0.056,239.03,0
17,12,2006,0,20,0,9.8,0,238.37,0
17,12,2006,0,21,0,9.6,0.062,238.38,0
17,12,2006,0,22,0,1.2,0,240.56,0
17,12,2006,0,23,0,4.6,0,239.84,0
17,12,2006,0,24,0,9.6,0.06,239.11,0
17,12,2006,0,25,0,9.6,0.058,239.99,0
17,12,2006,0,26,0,9.8,0.058,240.64,0
17,12,2006,0,27,0,9.6,0.06,239.45,0
17,12,2006,0,28,0,9.8,0.056,241.4,0
17,12,2006,0,29,0,4,0,243.68,0
17,12,2006,0,30,0,1.2,0,244.03,0
17,12,2006,0,31,0,8.8,0.05,242.07,0
17,12,2006,0,32,0,9.8,0.056,241.86,0
17,12,2006,0,33,0,9.8,0.056,241.7,0
17,12,2006,0,34,0,1,0,240,0
17,12,2006,0,35,0,5.6,0.094,242,0
17,12,2006,0,36,0,1.6,0.104,242.58,0
17,12,2006,0,37,0,7.4,0.09,242.3,0
17,12,2006,0,38,0,10.2,0.078,241.86,0
17,12,2006,0,39,0,10.2,0.074,240.76,0
17,12,2006,0,40,0,10.2,0.078,241.52,0
17,12,2006,0,41,0,9,0.084,241.88,0
17,12,2006,0,42,0,1.6,0.108,243.65,0
17,12,2006,0,43,0,5.2,0.098,242.62,0
17,12,2006,0,44,0,10.2,0.076,241.43,0
17,12,2006,0,45,0,10.2,0.076,241.18,0
17,12,2006,0,46,0,1,0.074,240.82,0
17,12,2006,0,47,0,1,0.074,240.78,0
17,12,2006,0,48,0,5.6,0,242.94,0
17,12,2006,0,49,0,1.2,0,243.84,0
17,12,2006,0,50,0,7.2,0,243.11,0
17,12,2006,0,51,0,1,0.048,241.98,0
17,12,2006,0,52,0,1,0.048,242.01,0
17,12,2006,0,53,0,1,0.046,241.38,0
17,12,2006,0,54,0,9.2,0.048,240.91,0
17,12,2006,0,55,0,1.4,0.07,242.13,0
17,12,2006,0,56,0,5.6,0.062,241.5,0
17,12,2006,0,57,0,1,0,240.45,0
17,12,2006,0,58,0,1,0,240.35,0
17,12,2006,0,59,0,1,0,240.65,0
17,12,2006,1,0,0,5.4,0,242.35,0
17,12,2006,1,1,0,1.8,0,243.4,0
17,12,2006,1,2,0,11.4,0.088,240.69,0
17,12,2006,1,3,0,15.6,0.208,239.13,1
17,12,2006,1,4,0,19.6,0.258,238.08,1
17,12,2006,1,5,0,22.4,0.15,237.38,1
17,12,2006,1,6,0,10.4,0.096,241.35,0
17,12,2006,1,7,0,13.6,0.084,240.95,0
17,12,2006,1,8,0,19.6,0.104,239.61,1
17,12,2006,1,9,0,21.8,0.178,239.49,1
17,12,2006,1,10,0,20.2,0.198,239.65,1
17,12,2006,1,11,0,16,0.238,240.39,1
17,12,2006,1,12,0,14.4,0.256,240.31,0
17,12,2006,1,13,0,22,0.214,238.15,1
17,12,2006,1,14,0,22,0.23,237.91,1
17,12,2006,1,15,0,22,0.21,237.44,1
17,12,2006,1,16,0,16.6,0.24,238.52,1
17,12,2006,1,17,0,11.8,0.188,239.55,0
17,12,2006,1,18,0,16.6,0.164,238.27,1
17,12,2006,1,19,0,19.4,0.14,237.37,1
17,12,2006,1,20,0,19.4,0.152,237.17,1
17,12,2006,1,21,0,19.4,0.142,237.92,1
17,12,2006,1,22,0,14.6,0.13,239.82,0
17,12,2006,1,23,0,7.6,0.05,241.18,0
17,12,2006,1,24,0,15,0,239.84,0
17,12,2006,1,26,0,14.8,0,240.29,0
17,12,2006,1,27,0,16.6,0,239.19,1
17,12,2006,1,28,0,1,0,240.8,0
17,12,2006,1,29,0,9,0,241.61,0
17,12,2006,1,30,0,15.2,0,240.11,0
17,12,2006,1,31,0,18.4,0,239.35,1
17,12,2006,1,32,0,18.6,0,240.08,1
17,12,2006,1,33,0,1,0.124,242.07,0
17,12,2006,1,34,0,9.8,0.124,241.54,0
17,12,2006,1,35,0,16.8,0.098,239.84,1
17,12,2006,1,36,0,15.6,0.106,240.36,1
17,12,2006,1,37,0,16.6,0.098,239.79,1
17,12,2006,1,38,0,15.8,0.102,239.55,0
17,12,2006,1,39,0,7.2,0.13,242.21,0
17,12,2006,1,40,0,14.6,0.118,241.92,0
17,12,2006,1,43,0,11.2,0,243.31,0
17,12,2006,1,44,0,10.4,0.122,242.92,0
17,12,2006,1,45,0,11.6,0.14,241.8,0
17,12,2006,1,46,0,17.8,0.184,240.29,1
17,12,2006,1,47,0,17.6,0.244,240.61,1
17,12,2006,1,48,0,15,0.27,242.14,0
17,12,2006,1,49,0,2.6,0.302,243.88,0
17,12,2006,1,50,0,10.8,0.272,241.49,0
17,12,2006,1,51,0,16.2,0.244,240.34,1
17,12,2006,1,52,0,19.2,0.24,239.59,1
17,12,2006,1,53,0,13.8,0.25,240.38,0
17,12,2006,1,54,0,4.2,0.294,242.43,0
17,12,2006,1,55,0,2.6,0.3,243.55,0
17,12,2006,1,56,0,9,0.282,242.33,0
17,12,2006,1,57,0,10.8,0.188,241.86,0
17,12,2006,1,58,0,10.6,0.134,242.14,0
17,12,2006,1,59,0,10.6,0.132,241.97,0
17,12,2006,2,0,0,7,0.148,242.14,0
17,12,2006,2,1,0,1.6,0.124,244.33,0
17,12,2006,2,2,0,6.6,0.1,245.86,0
17,12,2006,2,3,0,1,0.088,244.84,0
17,12,2006,2,4,0,9.8,0.082,244.83,0
17,12,2006,2,5,0,8.4,0.098,245.8,0
17,12,2006,2,6,0,1.2,0.118,247.65,0
17,12,2006,2,7,0,3.8,0.12,247.49,0
17,12,2006,2,8,0,9.8,0.082,244.73,0
17,12,2006,2,9,0,1,0.088,244.9,0
17,12,2006,2,10,0,9.8,0.084,244.77,0
17,12,2006,2,11,0,4.4,0.116,247.47,0
17,12,2006,2,12,0,1.4,0.128,248.48,0
17,12,2006,2,13,0,9,0.094,247.01,0
17,12,2006,2,14,0,10.2,0.134,246.12,0
17,12,2006,2,15,0,9.4,0.126,246.32,0
17,12,2006,2,16,0,1.4,0.108,248.01,0
17,12,2006,2,17,0,1.2,0.102,248.2,0
17,12,2006,2,18,0,1,0.072,245.61,0
17,12,2006,2,19,0,10.2,0.156,245.29,0
17,12,2006,2,20,0,10.2,0.202,243.75,0
17,12,2006,2,21,0,1.8,0.234,246.17,0
17,12,2006,2,22,0,3.2,0.242,246.94,0
17,12,2006,2,23,0,10.2,0.142,245.35,0
17,12,2006,2,24,0,1,0.1,244.97,0
17,12,2006,2,25,0,1,0.096,244.97,0
17,12,2006,2,26,0,5,0.126,246.17,0
17,12,2006,2,27,0,1.4,0.13,247.3,0
17,12,2006,2,28,0,1,0.102,244.96,0
17,12,2006,2,29,0,9.8,0.092,244.2,0
17,12,2006,2,30,0,1,0.098,243.93,0
17,12,2006,2,31,0,8.8,0.1,244.35,0
17,12,2006,2,32,0,1.2,0,246.64,0
17,12,2006,2,33,0,3.6,0,246.7,0
17,12,2006,2,34,0,9.6,0,244.7,0
17,12,2006,2,35,0,9.6,0,245.05,0
17,12,2006,2,36,0,9,0,246.52,0
17,12,2006,2,37,0,0.8,0,248.94,0
17,12,2006,2,38,0,5.8,0,247.33,0
17,12,2006,2,39,0,9.6,0,245.39,0
17,12,2006,2,40,0,9.6,0,245.71,0
17,12,2006,2,41,0,8.4,0,246.1,0
17,12,2006,2,42,0,1,0,249.37,0
17,12,2006,2,43,0,4.4,0,249.07,0
17,12,2006,2,44,0,9.6,0,247.31,0
17,12,2006,2,45,0,9.6,0,247.26,0
17,12,2006,2,46,0,7.8,0,245.95,0
17,12,2006,2,47,0,1,0,246.16,0
17,12,2006,2,48,0,7.8,0,244.51,0
17,12,2006,2,49,0,9.6,0,243.91,0
17,12,2006,2,50,0,9.4,0.046,243.68,0
17,12,2006,2,51,0,4.6,0,244.57,0
17,12,2006,2,52,0,0.8,0,245.98,0
17,12,2006,2,53,0,9.6,0,244.32,0
17,12,2006,2,54,0,9.8,0,244.51,0
17,12,2006,2,55,0,1,0.1,244.84,0
17,12,2006,2,56,0,3.8,0.126,247.15,0
17,12,2006,2,57,0,1.8,0.178,246.59,0
17,12,2006,2,58,0,8.4,0.21,244.52,0
17,12,2006,2,59,0,10.4,0.202,243.43,0
17,12,2006,3,0,0,10.4,0.214,244.06,0
17,12,2006,3,1,0,9.8,0.294,245.05,0
17,12,2006,3,2,0,2.6,0.316,247.12,0
17,12,2006,3,3,0,7,0.316,246.86,0
17,12,2006,3,4,0,11.2,0.28,245.41,0
17,12,2006,3,5,0,11.2,0.288,245.27,0
17,12,2006,3,6,0,9,0.214,245.79,0
17,12,2006,3,7,0,2,0.144,247.11,0
17,12,2006,3,8,0,5,0,244.7,0
17,12,2006,3,9,0,9.4,0.046,243.24,0
17,12,2006,3,10,0,9.6,0,243.46,0
17,12,2006,3,11,0,9.4,0.046,243.57,0
17,12,2006,3,12,0,2,0,246.19,0
17,12,2006,3,13,0,0.8,0,247.17,0
17,12,2006,3,14,0,8.8,0,245.69,0
17,12,2006,3,15,0,9.6,0,245.08,0
17,12,2006,3,16,0,9.6,0,243.7,0
17,12,2006,3,17,0,9.2,0,243.92,0
17,12,2006,3,18,0,1,0,245.54,0
17,12,2006,3,19,0,3.2,0,244.88,0
17,12,2006,3,20,0,9.6,0,243.27,0
17,12,2006,3,21,0,9.4,0.048,242.65,0
17,12,2006,3,22,0,9.6,0,243.29,0
17,12,2006,3,23,0,7.4,0,243.73,0
17,12,2006,3,24,0,1,0,245.29,0
17,12,2006,3,25,0,5.2,0,245.38,0
17,12,2006,3,26,0,9.6,0,243.84,0
17,12,2006,3,27,0,9.4,0.048,242.8,0
17,12,2006,3,28,0,9.6,0,242.52,0
17,12,2006,3,29,0,1.4,0,244.9,0
17,12,2006,3,30,0,1.6,0.12,244.81,0
17,12,2006,3,31,0,8.8,0.098,243.8,0
17,12,2006,3,32,0,1,0.098,244.03,0
17,12,2006,3,33,0,1,0.096,244.73,0
17,12,2006,3,34,0,8.4,0.108,244.66,0
17,12,2006,3,35,0,1.4,0.13,246.4,0
17,12,2006,3,36,0,6.4,0.116,245.5,0
17,12,2006,3,37,0,1,0.096,243.49,0
17,12,2006,3,38,0,9.8,0.09,243.08,0
17,12,2006,3,39,0,9.6,0.096,243.17,0
17,12,2006,3,40,0,1.6,0.126,244.44,0
17,12,2006,3,41,0,4.8,0.224,244.05,0
17,12,2006,3,42,0,1,0.138,242.72,0
17,12,2006,3,43,0,9.8,0.066,243.81,0
17,12,2006,3,44,0,9.8,0.062,244.12,0
17,12,2006,3,45,0,2.8,0.096,245.64,0
17,12,2006,3,46,0,3.2,0.088,245.18,0
17,12,2006,3,47,0,9.8,0.064,243.7,0
17,12,2006,3,48,0,9.8,0.058,243.41,0
17,12,2006,3,49,0,9.8,0,243.42,0
17,12,2006,3,50,0,4.8,0,245.53,0
17,12,2006,3,51,0,3,0,246.54,0
17,12,2006,3,52,0,9.6,0,244.63,0
17,12,2006,3,53,0,9.8,0,244.59,0
17,12,2006,3,54,0,9.8,0.082,244.42,0
17,12,2006,3,55,0,7.2,0.1,244.64,0
17,12,2006,3,56,0,1.2,0.11,245.31,0
17,12,2006,3,57,0,7,0.098,243.78,0
17,12,2006,3,58,0,9.8,0.076,242.57,0
17,12,2006,3,59,0,9.8,0.082,243.16,0
17,12,2006,4,0,0,9.8,0.076,243.18,0
17,12,2006,4,1,0,2.6,0.112,245.02,0
17,12,2006,4,2,0,4.2,0.104,244.9,0
17,12,2006,4,3,0,9.8,0.08,242.77,0
17,12,2006,4,4,0,9.8,0.074,242.47,0
17,12,2006,4,5,0,1,0.12,242.14,0
17,12,2006,4,6,0,5.6,0.248,245.15,0
17,12,2006,4,7,0,1.8,0.254,245.86,0
17,12,2006,4,8,0,10.2,0.222,243.47,0
17,12,2006,4,9,0,10.2,0.214,243.36,0
17,12,2006,4,10,0,10.4,0.22,243.54,0
17,12,2006,4,11,0,4.8,0.246,245.68,0
17,12,2006,4,12,0,2,0.256,245.69,0
17,12,2006,4,13,0,9.6,0.216,243.21,0
17,12,2006,4,14,0,10.2,0.22,243.49,0
17,12,2006,4,15,0,10.2,0.212,243.2,0
17,12,2006,4,16,0,8.8,0.23,244.12,0
17,12,2006,4,17,0,1.8,0.256,246.45,0
17,12,2006,4,18,0,5.2,0.078,245.71,0
17,12,2006,4,19,0,9.4,0.046,243.86,0
17,12,2006,4,20,0,9.6,0,243.5,0
17,12,2006,4,21,0,9.4,0.046,243.62,0
17,12,2006,4,22,0,8,0,243.73,0
17,12,2006,4,23,0,0.8,0,245.17,0
17,12,2006,4,24,0,3.6,0,245.13,0
17,12,2006,4,25,0,9.8,0.06,243.67,0
17,12,2006,4,26,0,9.8,0.066,244,0
17,12,2006,4,27,0,9.8,0.06,243.6,0
17,12,2006,4,28,0,9.6,0.064,242.93,0
17,12,2006,4,29,0,1.2,0.088,245.08,0
17,12,2006,4,30,0,3.8,0.092,245.69,0
17,12,2006,4,31,0,14.4,0.05,242.83,0
17,12,2006,4,32,0,14.4,0.054,242.92,0
17,12,2006,4,33,0,14.2,0,243.03,0
17,12,2006,4,34,0,14,0.05,242.95,0
17,12,2006,4,35,0,7.4,0,245.6,0
17,12,2006,4,36,0,5.4,0,245.94,0
17,12,2006,4,37,0,12.4,0,244.16,0
17,12,2006,4,38,0,14,0.056,243.04,0
17,12,2006,4,39,0,14,0.052,242.49,0
17,12,2006,4,40,0,13.8,0.056,242.22,0
17,12,2006,4,41,0,8.2,0.048,244.07,0
17,12,2006,4,42,0,5.8,0.106,244.55,0
17,12,2006,4,43,0,14,0.086,242.89,0
17,12,2006,4,44,0,14.4,0.08,242.65,0
17,12,2006,4,45,0,14.4,0.084,242.63,0
17,12,2006,4,46,0,13.4,0.084,243.15,0
17,12,2006,4,47,0,5.8,0.114,245.1,0
17,12,2006,4,48,0,9,0.1,244.15,0
17,12,2006,4,49,0,14.4,0.082,241.83,0
17,12,2006,4,50,0,14.2,0.076,241.53,0
17,12,2006,4,51,0,14.4,0.082,242.06,0
17,12,2006,4,52,0,14.2,0.08,242.39,0
17,12,2006,4,53,0,6.2,0.104,245.95,0
17,12,2006,4,54,0,5.4,0,246.55,0
17,12,2006,4,55,0,13.6,0.046,243.76,0
17,12,2006,4,56,0,14,0.054,243.58,0
17,12,2006,4,57,0,14,0.05,242.95,0
17,12,2006,4,58,0,13.4,0.054,242.7,0
17,12,2006,4,59,0,5.4,0,244.27,0
17,12,2006,5,0,0,10.4,0,243.14,0
17,12,2006,5,1,0,14,0.052,242.01,0
17,12,2006,5,2,0,14,0.056,242.73,0
17,12,2006,5,3,0,14,0.05,242.7,0
17,12,2006,5,4,0,12.6,0.05,243.77,0
17,12,2006,5,5,0,5.4,0,244.66,0
17,12,2006,5,6,0,9.2,0,243.62,0
17,12,2006,5,7,0,14,0.056,241.41,0
17,12,2006,5,8,0,14,0.054,240.91,0
17,12,2006,5,9,0,14,0.046,240.82,0
17,12,2006,5,10,0,14.2,0.046,240.23,0
17,12,2006,5,11,0,6.2,0.066,242.12,0
17,12,2006,5,12,0,8.4,0.07,242.93,0
17,12,2006,5,13,0,14.2,0.046,242.13,0
17,12,2006,5,14,0,14.2,0.054,242.49,0
17,12,2006,5,15,0,12,0.056,243.69,0
17,12,2006,5,16,0,5.4,0.09,245.93,0
17,12,2006,5,17,0,1.6,0.152,246.45,0
17,12,2006,5,18,0,8.8,0.136,244.33,0
17,12,2006,5,19,0,9.8,0.088,242.87,0
17,12,2006,5,20,0,1,0.094,243.06,0
17,12,2006,5,21,0,9.8,0.092,243.67,0
17,12,2006,5,22,0,1,0.098,244.05,0
17,12,2006,5,23,0,2.6,0.126,246.26,0
17,12,2006,5,24,0,4.4,0.128,246.23,0
17,12,2006,5,25,0,1,0.098,245.16,0
17,12,2006,5,26,0,1,0.1,244.25,0
17,12,2006,5,27,0,9.8,0.09,243.19,0
17,12,2006,5,28,0,5.8,0.112,243.77,0
17,12,2006,5,29,0,1.2,0.118,244.73,0
17,12,2006,5,30,0,7.8,0,243.03,0
17,12,2006,5,31,0,9.4,0.048,242.67,0
17,12,2006,5,32,0,9.6,0,242.87,0
17,12,2006,5,33,0,9.2,0.046,243.03,0
17,12,2006,5,34,0,1,0,244.96,0
17,12,2006,5,35,0,4.8,0,244.5,0
17,12,2006,5,36,0,9.6,0,242.56,0
17,12,2006,5,37,0,9.4,0,242.61,0
17,12,2006,5,38,0,9.4,0.048,242.19,0
17,12,2006,5,39,0,4.8,0,243.74,0
17,12,2006,5,40,0,2.6,0,244.4,0
17,12,2006,5,41,0,9.6,0,242.39,0
17,12,2006,5,42,0,9.4,0.048,242.51,0
17,12,2006,5,43,0,9.6,0,242.61,0
17,12,2006,5,44,0,5.2,0,243.82,0
17,12,2006,5,45,0,5.4,0,243.55,0
17,12,2006,5,46,0,9.4,0.05,242.22,0
17,12,2006,5,47,0,9.6,0,242.6,0
17,12,2006,5,48,0,8.4,0,243.74,0
17,12,2006,5,49,0,1,0,247.08,0
17,12,2006,5,50,0,9.2,0,244.99,0
17,12,2006,5,51,0,9.6,0,245.62,0
17,12,2006,5,52,0,8.6,0,245.71,0
17,12,2006,5,53,0,1.2,0,246.97,0
17,12,2006,5,54,0,9.2,0.098,244.63,0
17,12,2006,5,55,0,10.4,0.188,244.72,0
17,12,2006,5,56,0,9,0.212,245.14,0
17,12,2006,5,57,0,2,0.244,246.58,0
17,12,2006,5,58,0,9.2,0.206,244.28,0
17,12,2006,5,59,0,10.4,0.202,243.58,0
17,12,2006,6,0,0,9.2,0.206,244.36,0
17,12,2006,6,1,0,1.8,0.238,245.77,0
17,12,2006,6,2,0,9.2,0.204,243.95,0
17,12,2006,6,3,0,10.2,0.176,243.01,0
17,12,2006,6,4,0,7,0.2,245.34,0
17,12,2006,6,5,0,4,0.258,246,0
17,12,2006,6,6,0,1,0.11,243.7,0
17,12,2006,6,7,0,9.8,0.082,243.53,0
17,12,2006,6,8,0,6.8,0.096,243.92,0
17,12,2006,6,9,0,2.8,0.106,244.99,0
17,12,2006,6,10,0,1,0.08,243.06,0
17,12,2006,6,11,0,9.8,0.072,241.95,0
17,12,2006,6,12,0,9.8,0.078,242.35,0
17,12,2006,6,13,0,1.8,0.106,244.82,0
17,12,2006,6,14,0,6.6,0.098,243.99,0
17,12,2006,6,15,0,9.8,0.076,242.91,0
17,12,2006,6,16,0,1,0.086,242.84,0
17,12,2006,6,17,0,1,0.082,243.09,0
17,12,2006,6,18,0,1,0.084,242.41,0
17,12,2006,6,19,0,9.8,0.08,242.63,0
17,12,2006,6,20,0,2.4,0.116,244.86,0
17,12,2006,6,21,0,1.4,0.112,245.05,0
17,12,2006,6,22,0,9.8,0.088,243.36,0
17,12,2006,6,23,0,9.8,0.084,243.66,0
17,12,2006,6,24,0,10.6,0.092,244.02,0
17,12,2006,6,25,0,11.4,0.086,243.85,0
17,12,2006,6,26,0,11,0.09,243.73,0
17,12,2006,6,27,0,7,0.098,244.93,0
17,12,2006,6,28,0,3.8,0.088,244.83,0
17,12,2006,6,29,0,13.2,0.048,242.05,0
17,12,2006,6,30,0,13.6,0.094,241.89,0
17,12,2006,6,31,0,11.6,0.094,242.62,0
17,12,2006,6,32,0,5,0.124,244.76,0
17,12,2006,6,33,0,4.6,0.116,244.4,0
17,12,2006,6,34,0,2.6,0.128,245.39,0
17,12,2006,6,35,0,3.2,0.122,245.94,0
17,12,2006,6,36,0,3.4,0.126,245.84,0
17,12,2006,6,37,0,3.2,0.116,244.5,0
17,12,2006,6,38,0,3.2,0.116,244.02,0
17,12,2006,6,39,0,2.8,0.12,244.13,0
17,12,2006,6,40,0,3,0.136,244.35,0
17,12,2006,6,41,0,3.2,0.228,244.3,0
17,12,2006,6,42,0,2.8,0.14,244.14,0
17,12,2006,6,43,0,2.6,0.09,244.49,0
17,12,2006,6,44,0,2.6,0.084,244.14,0
17,12,2006,6,45,0,2.6,0.088,243.94,0
17,12,2006,6,46,0,2.6,0.082,243.58,0
17,12,2006,6,47,0,2.6,0.09,244.64,0
17,12,2006,6,48,0,2.6,0.084,244.26,0
17,12,2006,6,49,0,2,0.092,244.46,0
17,12,2006,6,50,0,1.2,0,245.54,0
17,12,2006,6,51,0,1.4,0,246.01,0
17,12,2006,6,52,0,1.6,0,245.94,0
17,12,2006,6,53,0,2.2,0,245.22,0
17,12,2006,6,54,0,1.8,0,244.45,0
17,12,2006,6,55,0,1.2,0,243.96,0
17,12,2006,6,56,0,1,0,243.39,0
17,12,2006,6,57,0,1,0,244.35,0
17,12,2006,6,58,0,0.8,0,244.26,0
17,12,2006,6,59,0,1,0,244.62,0
17,12,2006,7,0,0,1,0,244.67,0
17,12,2006,7,1,0,1,0,244.23,0
17,12,2006,7,2,0,1,0,244.87,0
17,12,2006,7,3,0,1,0,243.64,0
17,12,2006,7,4,0,0.8,0,242.49,0
17,12,2006,7,5,0,1.4,0,242.25,0
17,12,2006,7,6,0,1.4,0.104,242.08,0
17,12,2006,7,7,0,1.4,0.108,241.89,0
17,12,2006,7,8,0,1.4,0.108,242.08,0
17,12,2006,7,9,0,1.4,0.11,242.57,0
17,12,2006,7,10,0,1.4,0.114,243.04,0
17,12,2006,7,11,0,1.4,0.108,242.59,0
17,12,2006,7,12,0,1.4,0.112,242.55,0
17,12,2006,7,13,0,1.4,0.108,242.8,0
17,12,2006,7,14,0,9.4,0.086,240.97,0
17,12,2006,7,15,0,9.6,0.072,239.16,0
17,12,2006,7,16,0,9.8,0.076,239.21,0
17,12,2006,7,17,0,9.8,0.074,239.79,0
17,12,2006,7,18,0,9.6,0,239.78,0
17,12,2006,7,19,0,9.4,0.056,239.92,0
17,12,2006,7,20,0,9.4,0.052,240.03,0
17,12,2006,7,21,0,9.4,0.056,239.9,0
17,12,2006,7,22,0,9.4,0.048,241.23,0
17,12,2006,7,23,0,9.4,0.054,241.35,0
17,12,2006,7,24,0,9.4,0.048,241.01,0
17,12,2006,7,25,0,9.6,0,241.57,0
17,12,2006,7,26,0,9.8,0.054,241.27,0
17,12,2006,7,27,0,9.6,0.048,240.92,0
17,12,2006,7,28,0,9.8,0.05,240.04,0
17,12,2006,7,29,0,9.6,0,239.39,0
17,12,2006,7,30,0,9.6,0.048,238.93,0
17,12,2006,7,31,0,9.6,0,239.46,0
17,12,2006,7,32,0,3.2,0.08,242.27,0
17,12,2006,7,33,0,1.2,0.076,242.22,0
17,12,2006,7,34,0,8,0,242.55,0
17,12,2006,7,35,0,9.4,0.05,242.88,0
17,12,2006,7,36,0,9.6,0.046,242.18,0
17,12,2006,7,37,0,9.4,0.052,242.16,0
17,12,2006,7,38,0,9.4,0.046,241.97,0
17,12,2006,7,39,0,9.4,0.05,241.71,0
17,12,2006,7,40,0,9.4,0.052,241.53,0
17,12,2006,7,41,0,9.8,0,241.3,0
17,12,2006,7,42,0,2,0.114,244.31,0
17,12,2006,7,43,0,1.4,0.124,244.83,0
17,12,2006,7,44,0,8.2,0.096,243.37,0
17,12,2006,7,45,0,1,0.088,242.04,0
17,12,2006,7,46,0,9.8,0.084,242.24,0
17,12,2006,7,47,0,1,0.088,242.1,0
17,12,2006,7,48,0,9.8,0.082,241.56,0
17,12,2006,7,49,0,9.8,0.086,241.57,0
17,12,2006,7,50,0,9.8,0.08,241.33,0
17,12,2006,7,51,0,6.4,0.108,243.28,0
17,12,2006,7,52,0,1.2,0.118,244.95,0
17,12,2006,7,53,0,4.4,0.12,244.83,0
17,12,2006,7,54,0,9.8,0,242.85,0
17,12,2006,7,55,0,9.6,0.046,242.06,0
17,12,2006,7,56,0,9.4,0.054,241.04,0
17,12,2006,7,57,0,9.4,0.05,240.31,0
17,12,2006,7,58,0,9.4,0.054,240.95,0
17,12,2006,7,59,0,9.4,0.05,240.67,0
17,12,2006,8,0,0,9.4,0.056,240.9,0
17,12,2006,8,1,0,9.4,0.05,240.97,0
17,12,2006,8,2,0,1.2,0,243.21,0
17,12,2006,8,3,0,1,0,243.6,0
17,12,2006,8,4,0,9.4,0.052,241.99,0
17,12,2006,8,5,0,9.4,0.048,241.62,0
17,12,2006,8,6,0,9.4,0.052,241.37,0
17,12,2006,8,7,0,9.4,0.048,241.44,0
17,12,2006,8,8,0,9.4,0.054,240.62,0
17,12,2006,8,9,0,9.6,0,241.27,0
17,12,2006,8,10,0,4,0.084,243.88,0
17,12,2006,8,11,0,1.2,0.082,243.68,0
17,12,2006,8,12,0,8.4,0.06,241.11,0
17,12,2006,8,13,0,9.6,0.048,240.67,0
17,12,2006,8,14,0,9.8,0.054,241.1,0
17,12,2006,8,15,0,9.6,0.052,241.84,0
17,12,2006,8,16,0,9.8,0.056,241.48,0
17,12,2006,8,17,0,1,0.134,240.97,0
17,12,2006,8,18,0,10.4,0.256,239.37,0
17,12,2006,8,19,0,3.8,0.226,241.48,0
17,12,2006,8,20,0,1.8,0.234,241.86,0
17,12,2006,8,21,0,7.6,0.212,241.11,0
17,12,2006,8,22,0,10.2,0.208,241.06,0
17,12,2006,8,23,0,10.2,0.202,241.06,0
17,12,2006,8,24,0,10.2,0.214,242.36,0
17,12,2006,8,25,0,10.2,0.21,242.66,0
17,12,2006,8,26,0,10.2,0.212,242.06,0
17,12,2006,8,27,0,9,0.214,242.4,0
17,12,2006,8,28,0,2,0.246,244.02,0
17,12,2006,8,29,0,1.8,0.24,243.78,0
17,12,2006,8,30,0,8.6,0.196,241.39,0
17,12,2006,8,31,0,9.8,0.068,241.03,0
17,12,2006,8,32,0,9.8,0.07,240.69,0
17,12,2006,8,33,0,9.6,0.064,240.11,0
17,12,2006,8,34,0,9.8,0.068,239.68,0
17,12,2006,8,35,0,9.6,0.064,240.17,0
17,12,2006,8,36,0,9.8,0.07,240.34,0
17,12,2006,8,37,0,5.4,0.088,242.65,0
17,12,2006,8,38,0,1.2,0.104,243.51,0
17,12,2006,8,39,0,6,0.09,243.08,0
17,12,2006,8,40,0,9.8,0.07,241.42,0
17,12,2006,8,41,0,9.8,0.076,241.94,0
17,12,2006,8,42,0,9.6,0,242.68,0
17,12,2006,8,43,0,9.4,0.05,241.02,0
17,12,2006,8,44,0,9.4,0.054,241.32,0
17,12,2006,8,45,0,9.4,0.05,240.08,0
17,12,2006,8,46,0,1.8,0,241.7,0
17,12,2006,8,47,0,1,0,242.47,0
17,12,2006,8,48,0,7.8,0.046,241.27,0
17,12,2006,8,49,0,9.4,0.048,241.03,0
17,12,2006,8,50,0,9.4,0.054,241.14,0
17,12,2006,8,51,0,9.4,0.05,240.7,0
17,12,2006,8,52,0,9.4,0.056,239.73,0
17,12,2006,8,53,0,12.4,0.218,238.57,0
17,12,2006,8,54,0,11.6,0.17,238.51,0
17,12,2006,8,55,0,6,0.248,239.96,0
17,12,2006,8,56,0,4.2,0.398,240.25,0
17,12,2006,8,57,0,11.2,0.368,239.1,0
17,12,2006,8,58,0,12.4,0.334,239.27,0
17,12,2006,8,59,0,12.6,0.338,238.94,0
17,12,2006,9,0,0,12.2,0.31,239.09,0
17,12,2006,9,1,0,14.2,0.158,239.63,0
17,12,2006,9,2,0,25.4,0.134,237.9,1
17,12,2006,9,3,0,3,0.124,235.57,1
17,12,2006,9,4,0,29.4,0.118,235.35,1
17,12,2006,9,5,0,28.2,0.056,235.15,1
17,12,2006,9,6,0,26.2,0,235.22,1
17,12,2006,9,7,0,25.8,0.05,235.32,1
17,12,2006,9,8,0,2,0.088,237.44,1
17,12,2006,9,9,0,19,0.088,237.25,1
17,12,2006,9,10,0,18.8,0.088,236.34,1
17,12,2006,9,11,0,16.2,0.084,236.82,0
17,12,2006,9,12,0,4.6,0.054,240.88,0
17,12,2006,9,13,0,9,0.066,239.37,0
17,12,2006,9,14,0,9,0,239.17,0
17,12,2006,9,15,0,9.8,0,238.36,0
17,12,2006,9,16,0,1,0,238.96,0
17,12,2006,9,17,0,1,0.064,238.59,0
17,12,2006,9,18,0,1,0.068,238.48,0
17,12,2006,9,19,0,6,0.05,240,0
17,12,2006,9,20,0,1.6,0,240.77,0
17,12,2006,9,21,0,7.8,0,239.72,0
17,12,2006,9,22,0,1,0,239.47,0
17,12,2006,9,23,0,9.8,0.062,239.45,0
17,12,2006,9,24,0,1,0.06,239.23,0
17,12,2006,9,25,0,10.2,0.066,239.37,0
17,12,2006,9,26,0,1,0.066,239.18,0
17,12,2006,9,27,0,8,0.054,239.87,0
17,12,2006,9,28,0,1.8,0,240.71,0
17,12,2006,9,29,0,7.2,0.124,239.52,0
17,12,2006,9,30,0,11.4,0.136,237.51,0
17,12,2006,9,31,0,11.4,0.136,237.44,0
17,12,2006,9,32,0,11.4,0.134,237.39,0
17,12,2006,9,33,0,10.4,0.112,237.7,0
17,12,2006,9,34,0,1,0.072,238.73,0
17,12,2006,9,35,0,6.8,0.184,239.79,0
17,12,2006,9,36,0,1.8,0.206,240.85,0
17,12,2006,9,37,0,4.8,0.202,240.73,0
17,12,2006,9,38,0,10.4,0.176,238.59,0
17,12,2006,9,39,0,10.4,0.176,238.58,0
17,12,2006,9,40,0,10.4,0.178,239.21,0
17,12,2006,9,41,0,10.4,0.178,239.29,0
17,12,2006,9,42,0,10.2,0.13,238.64,0
17,12,2006,9,43,0,9.6,0.048,239.04,0
17,12,2006,9,44,0,1.4,0.076,241.21,0
17,12,2006,9,45,0,1.4,0,241.1,0
17,12,2006,9,46,0,7.4,0,240.92,0
17,12,2006,9,47,0,9.6,0.05,239.84,0
17,12,2006,9,48,0,9.6,0.052,239.14,0
17,12,2006,9,49,0,9.6,0.052,238.59,0
17,12,2006,9,50,0,9.6,0.054,238.76,0
17,12,2006,9,51,0,9.6,0.052,239.03,0
17,12,2006,9,52,0,9.6,0.052,239.26,0
17,12,2006,9,53,0,3,0,241.82,0
17,12,2006,9,54,0,1.2,0,242.48,0
17,12,2006,9,55,0,8.4,0.046,240.12,0
17,12,2006,9,56,0,9.6,0.054,238.67,0
17,12,2006,9,57,0,9.6,0.056,238.04,0
17,12,2006,9,58,0,9.6,0.056,238.09,0
17,12,2006,9,59,0,9.6,0.054,238.13,0
17,12,2006,10,0,0,9.6,0.054,238.03,0
17,12,2006,10,1,0,2.4,0,240.26,0
17,12,2006,10,2,0,2.4,0,240.15,0
